                       id                        |      experiment_id      | srx_accession | organism | analysis_date | process_type | status |       start_datetime       | finish_datetime | path | process_id  |                                                         accessions_file                                                          
-------------------------------------------------+-------------------------+---------------+----------+---------------+--------------+--------+----------------------------+-----------------+------+-------------+----------------------------------------------------------------------------------------------------------------------------------
 SRX14491933_SRR18356677_scRecounter_version_1_0 | SRX14491933_SRR18356677 | SRR18356677   | mouse    | 2025-11-15    | scRecounter  |        | 2025-11-15 22:55:06.011252 |                 |      | version_1_0 | 
 SRX18780503_SRR22821018_scRecounter_version_1_0 | SRX18780503_SRR22821018 | SRR22821018   | human    | 2025-11-10    | scRecounter  |        | 2025-11-10 11:03:45.761796 |                 |      | version_1_0 | 
 SRX18780502_SRR22821019_scRecounter_version_1_0 | SRX18780502_SRR22821019 | SRR22821019   | human    | 2025-11-10    | scRecounter  |        | 2025-11-10 11:03:45.780942 |                 |      | version_1_0 | 
 SRX18780504_SRR22821017_scRecounter_version_1_0 | SRX18780504_SRR22821017 | SRR22821017   | human    | 2025-11-10    | scRecounter  |        | 2025-11-10 11:05:51.359449 |                 |      | version_1_0 | 
 SRX18780505_SRR22821016_scRecounter_version_1_0 | SRX18780505_SRR22821016 | SRR22821016   | human    | 2025-11-10    | scRecounter  |        | 2025-11-10 11:05:51.459229 |                 |      | version_1_0 | 
 SRX18780507_SRR22821014_scRecounter_version_1_0 | SRX18780507_SRR22821014 | SRR22821014   | human    | 2025-11-10    | scRecounter  |        | 2025-11-10 11:07:51.720784 |                 |      | version_1_0 | 
 SRX18780506_SRR22821015_scRecounter_version_1_0 | SRX18780506_SRR22821015 | SRR22821015   | human    | 2025-11-10    | scRecounter  |        | 2025-11-10 11:07:51.790305 |                 |      | version_1_0 | 
 SRX16675853_SRR20652842_scRecounter_version_1_0 | SRX16675853_SRR20652842 | SRR20652842   | human    | 2025-11-10    | scRecounter  |        | 2025-11-10 12:00:18.189276 |                 |      | version_1_0 | 
 SRX4623329_SRR7767734_scRecounter_version_1_0   | SRX4623329_SRR7767734   | SRR7767734    | human    | 2025-11-11    | scRecounter  |        | 2025-11-11 04:43:39.057749 |                 |      | version_1_0 | 
 SRX4623331_SRR7767736_scRecounter_version_1_0   | SRX4623331_SRR7767736   | SRR7767736    | human    | 2025-11-11    | scRecounter  |        | 2025-11-11 07:40:15.601395 |                 |      | version_1_0 | 
 SRX4623330_SRR7767735_scRecounter_version_1_0   | SRX4623330_SRR7767735   | SRR7767735    | human    | 2025-11-11    | scRecounter  |        | 2025-11-11 07:40:15.645508 |                 |      | version_1_0 | 
 SRX4623332_SRR7767737_scRecounter_version_1_0   | SRX4623332_SRR7767737   | SRR7767737    | human    | 2025-11-11    | scRecounter  |        | 2025-11-11 07:40:15.69971  |                 |      | version_1_0 | 
 SRX4623334_SRR7767739_scRecounter_version_1_0   | SRX4623334_SRR7767739   | SRR7767739    | human    | 2025-11-11    | scRecounter  |        | 2025-11-11 07:42:11.375422 |                 |      | version_1_0 | 
 SRX5848123_SRR9072134_scRecounter_version_1_0   | SRX5848123_SRR9072134   | SRR9072134    | human    | 2025-11-11    | scRecounter  |        | 2025-11-11 07:42:11.387773 |                 |      | version_1_0 | 
 SRX4623333_SRR7767738_scRecounter_version_1_0   | SRX4623333_SRR7767738   | SRR7767738    | human    | 2025-11-11    | scRecounter  |        | 2025-11-11 07:42:11.390532 |                 |      | version_1_0 | 
 SRX5848124_SRR9072135_scRecounter_version_1_0   | SRX5848124_SRR9072135   | SRR9072135    | human    | 2025-11-11    | scRecounter  |        | 2025-11-11 07:42:11.490444 |                 |      | version_1_0 | 
 SRX8321716_SRR11768468_scRecounter_version_1_0  | SRX8321716_SRR11768468  | SRR11768468   | human    | 2025-11-11    | scRecounter  |        | 2025-11-11 08:57:36.096322 |                 |      | version_1_0 | 
 SRX8321715_SRR11768467_scRecounter_version_1_0  | SRX8321715_SRR11768467  | SRR11768467   | human    | 2025-11-11    | scRecounter  |        | 2025-11-11 08:57:36.190695 |                 |      | version_1_0 | 
 SRX8321718_SRR11768470_scRecounter_version_1_0  | SRX8321718_SRR11768470  | SRR11768470   | human    | 2025-11-11    | scRecounter  |        | 2025-11-11 08:58:00.849249 |                 |      | version_1_0 | 
 SRX8321717_SRR11768469_scRecounter_version_1_0  | SRX8321717_SRR11768469  | SRR11768469   | human    | 2025-11-11    | scRecounter  |        | 2025-11-11 08:58:00.934962 |                 |      | version_1_0 | 
 SRX21600865_SRR25880487_scRecounter_version_1_0 | SRX21600865_SRR25880487 | SRR25880487   | human    | 2025-11-11    | scRecounter  |        | 2025-11-11 08:58:25.232545 |                 |      | version_1_0 | 
 SRX21600864_SRR25880488_scRecounter_version_1_0 | SRX21600864_SRR25880488 | SRR25880488   | human    | 2025-11-11    | scRecounter  |        | 2025-11-11 08:58:25.315416 |                 |      | version_1_0 | 
 SRX21600866_SRR25880484_scRecounter_version_1_0 | SRX21600866_SRR25880484 | SRR25880484   | human    | 2025-11-11    | scRecounter  |        | 2025-11-11 09:02:18.799473 |                 |      | version_1_0 | 
 SRX21600867_SRR25880483_scRecounter_version_1_0 | SRX21600867_SRR25880483 | SRR25880483   | human    | 2025-11-11    | scRecounter  |        | 2025-11-11 09:02:18.903934 |                 |      | version_1_0 | 
 SRX21600869_SRR25880482_scRecounter_version_1_0 | SRX21600869_SRR25880482 | SRR25880482   | human    | 2025-11-11    | scRecounter  |        | 2025-11-11 09:06:11.507311 |                 |      | version_1_0 | 
 SRX21600870_SRR25880486_scRecounter_version_1_0 | SRX21600870_SRR25880486 | SRR25880486   | human    | 2025-11-11    | scRecounter  |        | 2025-11-11 09:06:11.533398 |                 |      | version_1_0 | 
 SRX21600868_SRR25880485_scRecounter_version_1_0 | SRX21600868_SRR25880485 | SRR25880485   | human    | 2025-11-11    | scRecounter  |        | 2025-11-11 09:06:11.688968 |                 |      | version_1_0 | 
 SRX21600871_SRR25880481_scRecounter_version_1_0 | SRX21600871_SRR25880481 | SRR25880481   | mouse    | 2025-11-11    | scRecounter  |        | 2025-11-11 12:07:05.785789 |                 |      | version_1_0 | 
 SRX21752084_SRR26034988_scRecounter_version_1_0 | SRX21752084_SRR26034988 | SRR26034988   | mouse    | 2025-11-11    | scRecounter  |        | 2025-11-11 13:44:20.000078 |                 |      | version_1_0 | 
 SRX21752086_SRR26034983_scRecounter_version_1_0 | SRX21752086_SRR26034983 | SRR26034983   | mouse    | 2025-11-11    | scRecounter  |        | 2025-11-11 13:44:19.999118 |                 |      | version_1_0 | 
 SRX21752083_SRR26034987_scRecounter_version_1_0 | SRX21752083_SRR26034987 | SRR26034987   | mouse    | 2025-11-11    | scRecounter  |        | 2025-11-11 13:44:20.074532 |                 |      | version_1_0 | 
 SRX21752083_SRR26034986_scRecounter_version_1_0 | SRX21752083_SRR26034986 | SRR26034986   | mouse    | 2025-11-11    | scRecounter  |        | 2025-11-11 13:44:20.087711 |                 |      | version_1_0 | 
 SRX21752087_SRR26034982_scRecounter_version_1_0 | SRX21752087_SRR26034982 | SRR26034982   | mouse    | 2025-11-11    | scRecounter  |        | 2025-11-11 13:47:24.494079 |                 |      | version_1_0 | 
 SRX19538033_SRR23675156_scRecounter_version_1_0 | SRX19538033_SRR23675156 | SRR23675156   | mouse    | 2025-11-11    | scRecounter  |        | 2025-11-11 16:46:48.228617 |                 |      | version_1_0 | 
 SRX19538032_SRR23675158_scRecounter_version_1_0 | SRX19538032_SRR23675158 | SRR23675158   | mouse    | 2025-11-11    | scRecounter  |        | 2025-11-11 16:46:48.232284 |                 |      | version_1_0 | 
 SRX19538030_SRR23675165_scRecounter_version_1_0 | SRX19538030_SRR23675165 | SRR23675165   | mouse    | 2025-11-11    | scRecounter  |        | 2025-11-11 16:46:48.241063 |                 |      | version_1_0 | 
 SRX19538030_SRR23675166_scRecounter_version_1_0 | SRX19538030_SRR23675166 | SRR23675166   | mouse    | 2025-11-11    | scRecounter  |        | 2025-11-11 16:46:48.271477 |                 |      | version_1_0 | 
 SRX19538031_SRR23675161_scRecounter_version_1_0 | SRX19538031_SRR23675161 | SRR23675161   | mouse    | 2025-11-11    | scRecounter  |        | 2025-11-11 16:46:48.28497  |                 |      | version_1_0 | 
 SRX19538032_SRR23675159_scRecounter_version_1_0 | SRX19538032_SRR23675159 | SRR23675159   | mouse    | 2025-11-11    | scRecounter  |        | 2025-11-11 16:46:48.285007 |                 |      | version_1_0 | 
 SRX19538030_SRR23675164_scRecounter_version_1_0 | SRX19538030_SRR23675164 | SRR23675164   | mouse    | 2025-11-11    | scRecounter  |        | 2025-11-11 16:46:48.289416 |                 |      | version_1_0 | 
 SRX19538033_SRR23675155_scRecounter_version_1_0 | SRX19538033_SRR23675155 | SRR23675155   | mouse    | 2025-11-11    | scRecounter  |        | 2025-11-11 16:46:48.326653 |                 |      | version_1_0 | 
 SRX19585337_SRR23724687_scRecounter_version_1_0 | SRX19585337_SRR23724687 | SRR23724687   | mouse    | 2025-11-11    | scRecounter  |        | 2025-11-11 16:46:48.356039 |                 |      | version_1_0 | 
 SRX19585337_SRR23724686_scRecounter_version_1_0 | SRX19585337_SRR23724686 | SRR23724686   | mouse    | 2025-11-11    | scRecounter  |        | 2025-11-11 16:46:48.359025 |                 |      | version_1_0 | 
 SRX19538033_SRR23675157_scRecounter_version_1_0 | SRX19538033_SRR23675157 | SRR23675157   | mouse    | 2025-11-11    | scRecounter  |        | 2025-11-11 16:46:48.365779 |                 |      | version_1_0 | 
 SRX19538032_SRR23675160_scRecounter_version_1_0 | SRX19538032_SRR23675160 | SRR23675160   | mouse    | 2025-11-11    | scRecounter  |        | 2025-11-11 16:46:48.37976  |                 |      | version_1_0 | 
 SRX19538036_SRR23675147_scRecounter_version_1_0 | SRX19538036_SRR23675147 | SRR23675147   | mouse    | 2025-11-11    | scRecounter  |        | 2025-11-11 17:18:11.138087 |                 |      | version_1_0 | 
 SRX14491950_SRR18356660_scRecounter_version_1_0 | SRX14491950_SRR18356660 | SRR18356660   | mouse    | 2025-11-15    | scRecounter  |        | 2025-11-15 22:55:06.030227 |                 |      | version_1_0 | 
 SRX19538034_SRR23675154_scRecounter_version_1_0 | SRX19538034_SRR23675154 | SRR23675154   | mouse    | 2025-11-11    | scRecounter  |        | 2025-11-11 17:18:11.278154 |                 |      | version_1_0 | 
 SRX19538034_SRR23675152_scRecounter_version_1_0 | SRX19538034_SRR23675152 | SRR23675152   | mouse    | 2025-11-11    | scRecounter  |        | 2025-11-11 17:18:11.31301  |                 |      | version_1_0 | 
 SRX19538036_SRR23675146_scRecounter_version_1_0 | SRX19538036_SRR23675146 | SRR23675146   | mouse    | 2025-11-11    | scRecounter  |        | 2025-11-11 17:18:11.329961 |                 |      | version_1_0 | 
 SRX19538036_SRR23675148_scRecounter_version_1_0 | SRX19538036_SRR23675148 | SRR23675148   | mouse    | 2025-11-11    | scRecounter  |        | 2025-11-11 17:18:11.332087 |                 |      | version_1_0 | 
 SRX19538034_SRR23675153_scRecounter_version_1_0 | SRX19538034_SRR23675153 | SRR23675153   | mouse    | 2025-11-11    | scRecounter  |        | 2025-11-11 17:18:11.402737 |                 |      | version_1_0 | 
 SRX19538041_SRR23675126_scRecounter_version_1_0 | SRX19538041_SRR23675126 | SRR23675126   | mouse    | 2025-11-11    | scRecounter  |        | 2025-11-11 18:18:22.75514  |                 |      | version_1_0 | 
 SRX19538041_SRR23675128_scRecounter_version_1_0 | SRX19538041_SRR23675128 | SRR23675128   | mouse    | 2025-11-11    | scRecounter  |        | 2025-11-11 18:18:22.7645   |                 |      | version_1_0 | 
 SRX19538040_SRR23675131_scRecounter_version_1_0 | SRX19538040_SRR23675131 | SRR23675131   | mouse    | 2025-11-11    | scRecounter  |        | 2025-11-11 18:18:22.771165 |                 |      | version_1_0 | 
 SRX19538043_SRR23675118_scRecounter_version_1_0 | SRX19538043_SRR23675118 | SRR23675118   | mouse    | 2025-11-11    | scRecounter  |        | 2025-11-11 18:18:22.773874 |                 |      | version_1_0 | 
 SRX19538043_SRR23675119_scRecounter_version_1_0 | SRX19538043_SRR23675119 | SRR23675119   | mouse    | 2025-11-11    | scRecounter  |        | 2025-11-11 18:18:22.774557 |                 |      | version_1_0 | 
 SRX19538041_SRR23675127_scRecounter_version_1_0 | SRX19538041_SRR23675127 | SRR23675127   | mouse    | 2025-11-11    | scRecounter  |        | 2025-11-11 18:18:22.781401 |                 |      | version_1_0 | 
 SRX19538040_SRR23675132_scRecounter_version_1_0 | SRX19538040_SRR23675132 | SRR23675132   | mouse    | 2025-11-11    | scRecounter  |        | 2025-11-11 18:18:22.78264  |                 |      | version_1_0 | 
 SRX19538040_SRR23675133_scRecounter_version_1_0 | SRX19538040_SRR23675133 | SRR23675133   | mouse    | 2025-11-11    | scRecounter  |        | 2025-11-11 18:18:22.785237 |                 |      | version_1_0 | 
 SRX19538044_SRR23675116_scRecounter_version_1_0 | SRX19538044_SRR23675116 | SRR23675116   | mouse    | 2025-11-11    | scRecounter  |        | 2025-11-11 18:18:22.813095 |                 |      | version_1_0 | 
 SRX19538042_SRR23675124_scRecounter_version_1_0 | SRX19538042_SRR23675124 | SRR23675124   | mouse    | 2025-11-11    | scRecounter  |        | 2025-11-11 18:18:22.83274  |                 |      | version_1_0 | 
 SRX19538042_SRR23675122_scRecounter_version_1_0 | SRX19538042_SRR23675122 | SRR23675122   | mouse    | 2025-11-11    | scRecounter  |        | 2025-11-11 18:18:22.832735 |                 |      | version_1_0 | 
 SRX19538041_SRR23675129_scRecounter_version_1_0 | SRX19538041_SRR23675129 | SRR23675129   | mouse    | 2025-11-11    | scRecounter  |        | 2025-11-11 18:18:22.83335  |                 |      | version_1_0 | 
 SRX19538044_SRR23675115_scRecounter_version_1_0 | SRX19538044_SRR23675115 | SRR23675115   | mouse    | 2025-11-11    | scRecounter  |        | 2025-11-11 18:18:22.845296 |                 |      | version_1_0 | 
 SRX19538043_SRR23675120_scRecounter_version_1_0 | SRX19538043_SRR23675120 | SRR23675120   | mouse    | 2025-11-11    | scRecounter  |        | 2025-11-11 18:18:22.847548 |                 |      | version_1_0 | 
 SRX19538044_SRR23675117_scRecounter_version_1_0 | SRX19538044_SRR23675117 | SRR23675117   | mouse    | 2025-11-11    | scRecounter  |        | 2025-11-11 18:18:22.848366 |                 |      | version_1_0 | 
 SRX19538043_SRR23675121_scRecounter_version_1_0 | SRX19538043_SRR23675121 | SRR23675121   | mouse    | 2025-11-11    | scRecounter  |        | 2025-11-11 18:18:22.891841 |                 |      | version_1_0 | 
 SRX19538044_SRR23675114_scRecounter_version_1_0 | SRX19538044_SRR23675114 | SRR23675114   | mouse    | 2025-11-11    | scRecounter  |        | 2025-11-11 18:18:22.903701 |                 |      | version_1_0 | 
 SRX19538042_SRR23675123_scRecounter_version_1_0 | SRX19538042_SRR23675123 | SRR23675123   | mouse    | 2025-11-11    | scRecounter  |        | 2025-11-11 18:18:22.922038 |                 |      | version_1_0 | 
 SRX19538042_SRR23675125_scRecounter_version_1_0 | SRX19538042_SRR23675125 | SRR23675125   | mouse    | 2025-11-11    | scRecounter  |        | 2025-11-11 18:18:22.927395 |                 |      | version_1_0 | 
 SRX19538040_SRR23675130_scRecounter_version_1_0 | SRX19538040_SRR23675130 | SRR23675130   | mouse    | 2025-11-11    | scRecounter  |        | 2025-11-11 18:18:22.980196 |                 |      | version_1_0 | 
 SRX19693485_SRR23881506_scRecounter_version_1_0 | SRX19693485_SRR23881506 | SRR23881506   | mouse    | 2025-11-11    | scRecounter  |        | 2025-11-11 18:21:54.905122 |                 |      | version_1_0 | 
 SRX19693485_SRR23881507_scRecounter_version_1_0 | SRX19693485_SRR23881507 | SRR23881507   | mouse    | 2025-11-11    | scRecounter  |        | 2025-11-11 18:21:54.953289 |                 |      | version_1_0 | 
 SRX19693487_SRR23881503_scRecounter_version_1_0 | SRX19693487_SRR23881503 | SRR23881503   | mouse    | 2025-11-11    | scRecounter  |        | 2025-11-11 19:05:19.575965 |                 |      | version_1_0 | 
 SRX19693487_SRR23881509_scRecounter_version_1_0 | SRX19693487_SRR23881509 | SRR23881509   | mouse    | 2025-11-11    | scRecounter  |        | 2025-11-11 19:05:19.625891 |                 |      | version_1_0 | 
 SRX19693487_SRR23881508_scRecounter_version_1_0 | SRX19693487_SRR23881508 | SRR23881508   | mouse    | 2025-11-11    | scRecounter  |        | 2025-11-11 19:05:19.735445 |                 |      | version_1_0 | 
 SRX19693495_SRR23881499_scRecounter_version_1_0 | SRX19693495_SRR23881499 | SRR23881499   | mouse    | 2025-11-11    | scRecounter  |        | 2025-11-11 20:06:34.749575 |                 |      | version_1_0 | 
 SRX19693496_SRR23881502_scRecounter_version_1_0 | SRX19693496_SRR23881502 | SRR23881502   | mouse    | 2025-11-11    | scRecounter  |        | 2025-11-11 20:06:34.797244 |                 |      | version_1_0 | 
 SRX19693496_SRR23881483_scRecounter_version_1_0 | SRX19693496_SRR23881483 | SRR23881483   | mouse    | 2025-11-11    | scRecounter  |        | 2025-11-11 20:06:34.841873 |                 |      | version_1_0 | 
 SRX19693492_SRR23881500_scRecounter_version_1_0 | SRX19693492_SRR23881500 | SRR23881500   | mouse    | 2025-11-11    | scRecounter  |        | 2025-11-11 20:06:34.841887 |                 |      | version_1_0 | 
 SRX19693492_SRR23881492_scRecounter_version_1_0 | SRX19693492_SRR23881492 | SRR23881492   | mouse    | 2025-11-11    | scRecounter  |        | 2025-11-11 20:06:34.862517 |                 |      | version_1_0 | 
 SRX19693495_SRR23881484_scRecounter_version_1_0 | SRX19693495_SRR23881484 | SRR23881484   | mouse    | 2025-11-11    | scRecounter  |        | 2025-11-11 20:06:34.865256 |                 |      | version_1_0 | 
 SRX19693496_SRR23881490_scRecounter_version_1_0 | SRX19693496_SRR23881490 | SRR23881490   | mouse    | 2025-11-11    | scRecounter  |        | 2025-11-11 20:06:34.960677 |                 |      | version_1_0 | 
 SRX19693494_SRR23881501_scRecounter_version_1_0 | SRX19693494_SRR23881501 | SRR23881501   | mouse    | 2025-11-11    | scRecounter  |        | 2025-11-11 20:10:35.11846  |                 |      | version_1_0 | 
 SRX19693491_SRR23881493_scRecounter_version_1_0 | SRX19693491_SRR23881493 | SRR23881493   | mouse    | 2025-11-11    | scRecounter  |        | 2025-11-11 20:10:35.148595 |                 |      | version_1_0 | 
 SRX19693491_SRR23881487_scRecounter_version_1_0 | SRX19693491_SRR23881487 | SRR23881487   | mouse    | 2025-11-11    | scRecounter  |        | 2025-11-11 20:10:35.151884 |                 |      | version_1_0 | 
 SRX19693494_SRR23881489_scRecounter_version_1_0 | SRX19693494_SRR23881489 | SRR23881489   | mouse    | 2025-11-11    | scRecounter  |        | 2025-11-11 20:10:35.164298 |                 |      | version_1_0 | 
 SRX14491934_SRR18356676_scRecounter_version_1_0 | SRX14491934_SRR18356676 | SRR18356676   | mouse    | 2025-11-15    | scRecounter  |        | 2025-11-15 22:55:06.049581 |                 |      | version_1_0 | 
 SRX19693498_SRR23881481_scRecounter_version_1_0 | SRX19693498_SRR23881481 | SRR23881481   | mouse    | 2025-11-11    | scRecounter  |        | 2025-11-11 21:00:43.500068 |                 |      | version_1_0 | 
 SRX19693497_SRR23881482_scRecounter_version_1_0 | SRX19693497_SRR23881482 | SRR23881482   | mouse    | 2025-11-11    | scRecounter  |        | 2025-11-11 21:00:43.505137 |                 |      | version_1_0 | 
 SRX19693497_SRR23881485_scRecounter_version_1_0 | SRX19693497_SRR23881485 | SRR23881485   | mouse    | 2025-11-11    | scRecounter  |        | 2025-11-11 21:00:43.537755 |                 |      | version_1_0 | 
 SRX19693498_SRR23881486_scRecounter_version_1_0 | SRX19693498_SRR23881486 | SRR23881486   | mouse    | 2025-11-11    | scRecounter  |        | 2025-11-11 21:00:43.638149 |                 |      | version_1_0 | 
 SRX20034274_SRR24238136_scRecounter_version_1_0 | SRX20034274_SRR24238136 | SRR24238136   | mouse    | 2025-11-12    | scRecounter  |        | 2025-11-12 01:57:07.11846  |                 |      | version_1_0 | 
 SRX20034274_SRR24238135_scRecounter_version_1_0 | SRX20034274_SRR24238135 | SRR24238135   | mouse    | 2025-11-12    | scRecounter  |        | 2025-11-12 01:57:07.129928 |                 |      | version_1_0 | 
 SRX20034273_SRR24238137_scRecounter_version_1_0 | SRX20034273_SRR24238137 | SRR24238137   | mouse    | 2025-11-12    | scRecounter  |        | 2025-11-12 01:57:07.148956 |                 |      | version_1_0 | 
 SRX20034274_SRR24238134_scRecounter_version_1_0 | SRX20034274_SRR24238134 | SRR24238134   | mouse    | 2025-11-12    | scRecounter  |        | 2025-11-12 01:57:07.14997  |                 |      | version_1_0 | 
 SRX20034273_SRR24238139_scRecounter_version_1_0 | SRX20034273_SRR24238139 | SRR24238139   | mouse    | 2025-11-12    | scRecounter  |        | 2025-11-12 01:57:07.222174 |                 |      | version_1_0 | 
 SRX20034273_SRR24238138_scRecounter_version_1_0 | SRX20034273_SRR24238138 | SRR24238138   | mouse    | 2025-11-12    | scRecounter  |        | 2025-11-12 01:57:07.222243 |                 |      | version_1_0 | 
 SRX20034273_SRR24238140_scRecounter_version_1_0 | SRX20034273_SRR24238140 | SRR24238140   | mouse    | 2025-11-12    | scRecounter  |        | 2025-11-12 01:57:07.226469 |                 |      | version_1_0 | 
 SRX20034274_SRR24238133_scRecounter_version_1_0 | SRX20034274_SRR24238133 | SRR24238133   | mouse    | 2025-11-12    | scRecounter  |        | 2025-11-12 01:57:07.32204  |                 |      | version_1_0 | 
 SRX14491945_SRR18356665_scRecounter_version_1_0 | SRX14491945_SRR18356665 | SRR18356665   | mouse    | 2025-11-15    | scRecounter  |        | 2025-11-15 22:55:06.06087  |                 |      | version_1_0 | 
 SRX12501916_SRR16220005_scRecounter_version_1_0 | SRX12501916_SRR16220005 | SRR16220005   | mouse    | 2025-11-16    | scRecounter  |        | 2025-11-16 00:27:53.975492 |                 |      | version_1_0 | 
 SRX12438806_SRR16153968_scRecounter_version_1_0 | SRX12438806_SRR16153968 | SRR16153968   | mouse    | 2025-11-16    | scRecounter  |        | 2025-11-16 00:27:54.188473 |                 |      | version_1_0 | 
 SRX12438810_SRR16153989_scRecounter_version_1_0 | SRX12438810_SRR16153989 | SRR16153989   | mouse    | 2025-11-16    | scRecounter  |        | 2025-11-16 00:27:54.394017 |                 |      | version_1_0 | 
 SRX12438805_SRR16153962_scRecounter_version_1_0 | SRX12438805_SRR16153962 | SRR16153962   | mouse    | 2025-11-16    | scRecounter  |        | 2025-11-16 00:27:54.581525 |                 |      | version_1_0 | 
 SRX12438806_SRR16153966_scRecounter_version_1_0 | SRX12438806_SRR16153966 | SRR16153966   | mouse    | 2025-11-16    | scRecounter  |        | 2025-11-16 00:27:54.804216 |                 |      | version_1_0 | 
 SRX12501917_SRR16220018_scRecounter_version_1_0 | SRX12501917_SRR16220018 | SRR16220018   | mouse    | 2025-11-16    | scRecounter  |        | 2025-11-16 00:56:31.13111  |                 |      | version_1_0 | 
 SRX12501917_SRR16220014_scRecounter_version_1_0 | SRX12501917_SRR16220014 | SRR16220014   | mouse    | 2025-11-16    | scRecounter  |        | 2025-11-16 00:56:31.24435  |                 |      | version_1_0 | 
 SRX12501919_SRR16219999_scRecounter_version_1_0 | SRX12501919_SRR16219999 | SRR16219999   | mouse    | 2025-11-16    | scRecounter  |        | 2025-11-16 00:56:31.382147 |                 |      | version_1_0 | 
 SRX12501917_SRR16220021_scRecounter_version_1_0 | SRX12501917_SRR16220021 | SRR16220021   | mouse    | 2025-11-16    | scRecounter  |        | 2025-11-16 00:56:31.458683 |                 |      | version_1_0 | 
 SRX12501917_SRR16220025_scRecounter_version_1_0 | SRX12501917_SRR16220025 | SRR16220025   | mouse    | 2025-11-16    | scRecounter  |        | 2025-11-16 00:56:31.505999 |                 |      | version_1_0 | 
 SRX19537791_SRR23674840_scRecounter_version_1_0 | SRX19537791_SRR23674840 | SRR23674840   | mouse    | 2025-11-12    | scRecounter  |        | 2025-11-12 04:02:35.947258 |                 |      | version_1_0 | 
 SRX19537790_SRR23674841_scRecounter_version_1_0 | SRX19537790_SRR23674841 | SRR23674841   | mouse    | 2025-11-12    | scRecounter  |        | 2025-11-12 04:02:35.982718 |                 |      | version_1_0 | 
 SRX19537791_SRR23674838_scRecounter_version_1_0 | SRX19537791_SRR23674838 | SRR23674838   | mouse    | 2025-11-12    | scRecounter  |        | 2025-11-12 04:02:35.987277 |                 |      | version_1_0 | 
 SRX19537790_SRR23674843_scRecounter_version_1_0 | SRX19537790_SRR23674843 | SRR23674843   | mouse    | 2025-11-12    | scRecounter  |        | 2025-11-12 04:02:36.02469  |                 |      | version_1_0 | 
 SRX19537790_SRR23674844_scRecounter_version_1_0 | SRX19537790_SRR23674844 | SRR23674844   | mouse    | 2025-11-12    | scRecounter  |        | 2025-11-12 04:02:36.159501 |                 |      | version_1_0 | 
 SRX19537791_SRR23674839_scRecounter_version_1_0 | SRX19537791_SRR23674839 | SRR23674839   | mouse    | 2025-11-12    | scRecounter  |        | 2025-11-12 04:02:36.190375 |                 |      | version_1_0 | 
 SRX19537791_SRR23674837_scRecounter_version_1_0 | SRX19537791_SRR23674837 | SRR23674837   | mouse    | 2025-11-12    | scRecounter  |        | 2025-11-12 04:02:36.20401  |                 |      | version_1_0 | 
 SRX19537790_SRR23674842_scRecounter_version_1_0 | SRX19537790_SRR23674842 | SRR23674842   | mouse    | 2025-11-12    | scRecounter  |        | 2025-11-12 04:02:36.207253 |                 |      | version_1_0 | 
 SRX14491932_SRR18356678_scRecounter_version_1_0 | SRX14491932_SRR18356678 | SRR18356678   | mouse    | 2025-11-15    | scRecounter  |        | 2025-11-15 22:55:06.061021 |                 |      | version_1_0 | 
 SRX12438805_SRR16153964_scRecounter_version_1_0 | SRX12438805_SRR16153964 | SRR16153964   | mouse    | 2025-11-16    | scRecounter  |        | 2025-11-16 00:27:54.008379 |                 |      | version_1_0 | 
 SRX12438810_SRR16153987_scRecounter_version_1_0 | SRX12438810_SRR16153987 | SRR16153987   | mouse    | 2025-11-16    | scRecounter  |        | 2025-11-16 00:27:54.208794 |                 |      | version_1_0 | 
 SRX12501916_SRR16220011_scRecounter_version_1_0 | SRX12501916_SRR16220011 | SRR16220011   | mouse    | 2025-11-16    | scRecounter  |        | 2025-11-16 00:27:54.416694 |                 |      | version_1_0 | 
 SRX12438807_SRR16153975_scRecounter_version_1_0 | SRX12438807_SRR16153975 | SRR16153975   | mouse    | 2025-11-16    | scRecounter  |        | 2025-11-16 00:27:54.592512 |                 |      | version_1_0 | 
 SRX12501918_SRR16220035_scRecounter_version_1_0 | SRX12501918_SRR16220035 | SRR16220035   | mouse    | 2025-11-16    | scRecounter  |        | 2025-11-16 00:56:30.572628 |                 |      | version_1_0 | 
 SRX12501917_SRR16220023_scRecounter_version_1_0 | SRX12501917_SRR16220023 | SRR16220023   | mouse    | 2025-11-16    | scRecounter  |        | 2025-11-16 00:56:31.136865 |                 |      | version_1_0 | 
 SRX12501919_SRR16219993_scRecounter_version_1_0 | SRX12501919_SRR16219993 | SRR16219993   | mouse    | 2025-11-16    | scRecounter  |        | 2025-11-16 00:56:31.278527 |                 |      | version_1_0 | 
 SRX12501918_SRR16219986_scRecounter_version_1_0 | SRX12501918_SRR16219986 | SRR16219986   | mouse    | 2025-11-16    | scRecounter  |        | 2025-11-16 00:56:31.402311 |                 |      | version_1_0 | 
 SRX19537796_SRR23674820_scRecounter_version_1_0 | SRX19537796_SRR23674820 | SRR23674820   | mouse    | 2025-11-12    | scRecounter  |        | 2025-11-12 05:01:43.932172 |                 |      | version_1_0 | 
 SRX19537794_SRR23674827_scRecounter_version_1_0 | SRX19537794_SRR23674827 | SRR23674827   | mouse    | 2025-11-12    | scRecounter  |        | 2025-11-12 05:01:44.037035 |                 |      | version_1_0 | 
 SRX19537797_SRR23674813_scRecounter_version_1_0 | SRX19537797_SRR23674813 | SRR23674813   | mouse    | 2025-11-12    | scRecounter  |        | 2025-11-12 05:01:44.143114 |                 |      | version_1_0 | 
 SRX19537797_SRR23674815_scRecounter_version_1_0 | SRX19537797_SRR23674815 | SRR23674815   | mouse    | 2025-11-12    | scRecounter  |        | 2025-11-12 05:01:44.174213 |                 |      | version_1_0 | 
 SRX19537796_SRR23674817_scRecounter_version_1_0 | SRX19537796_SRR23674817 | SRR23674817   | mouse    | 2025-11-12    | scRecounter  |        | 2025-11-12 05:01:44.199865 |                 |      | version_1_0 | 
 SRX19537793_SRR23674829_scRecounter_version_1_0 | SRX19537793_SRR23674829 | SRR23674829   | mouse    | 2025-11-12    | scRecounter  |        | 2025-11-12 05:01:44.236066 |                 |      | version_1_0 | 
 SRX19537792_SRR23674836_scRecounter_version_1_0 | SRX19537792_SRR23674836 | SRR23674836   | mouse    | 2025-11-12    | scRecounter  |        | 2025-11-12 05:01:44.236397 |                 |      | version_1_0 | 
 SRX19537794_SRR23674828_scRecounter_version_1_0 | SRX19537794_SRR23674828 | SRR23674828   | mouse    | 2025-11-12    | scRecounter  |        | 2025-11-12 05:01:44.273382 |                 |      | version_1_0 | 
 SRX19537792_SRR23674835_scRecounter_version_1_0 | SRX19537792_SRR23674835 | SRR23674835   | mouse    | 2025-11-12    | scRecounter  |        | 2025-11-12 05:01:44.301173 |                 |      | version_1_0 | 
 SRX19537795_SRR23674823_scRecounter_version_1_0 | SRX19537795_SRR23674823 | SRR23674823   | mouse    | 2025-11-12    | scRecounter  |        | 2025-11-12 05:01:44.320122 |                 |      | version_1_0 | 
 SRX19537797_SRR23674814_scRecounter_version_1_0 | SRX19537797_SRR23674814 | SRR23674814   | mouse    | 2025-11-12    | scRecounter  |        | 2025-11-12 05:01:44.390947 |                 |      | version_1_0 | 
 SRX19537797_SRR23674816_scRecounter_version_1_0 | SRX19537797_SRR23674816 | SRR23674816   | mouse    | 2025-11-12    | scRecounter  |        | 2025-11-12 05:01:44.392033 |                 |      | version_1_0 | 
 SRX19537793_SRR23674830_scRecounter_version_1_0 | SRX19537793_SRR23674830 | SRR23674830   | mouse    | 2025-11-12    | scRecounter  |        | 2025-11-12 05:01:44.462477 |                 |      | version_1_0 | 
 SRX19537795_SRR23674822_scRecounter_version_1_0 | SRX19537795_SRR23674822 | SRR23674822   | mouse    | 2025-11-12    | scRecounter  |        | 2025-11-12 05:01:44.484497 |                 |      | version_1_0 | 
 SRX19537793_SRR23674831_scRecounter_version_1_0 | SRX19537793_SRR23674831 | SRR23674831   | mouse    | 2025-11-12    | scRecounter  |        | 2025-11-12 05:01:44.508662 |                 |      | version_1_0 | 
 SRX19537796_SRR23674819_scRecounter_version_1_0 | SRX19537796_SRR23674819 | SRR23674819   | mouse    | 2025-11-12    | scRecounter  |        | 2025-11-12 05:01:44.514373 |                 |      | version_1_0 | 
 SRX19537792_SRR23674833_scRecounter_version_1_0 | SRX19537792_SRR23674833 | SRR23674833   | mouse    | 2025-11-12    | scRecounter  |        | 2025-11-12 05:01:44.536886 |                 |      | version_1_0 | 
 SRX19537795_SRR23674824_scRecounter_version_1_0 | SRX19537795_SRR23674824 | SRR23674824   | mouse    | 2025-11-12    | scRecounter  |        | 2025-11-12 05:01:44.54382  |                 |      | version_1_0 | 
 SRX19537794_SRR23674826_scRecounter_version_1_0 | SRX19537794_SRR23674826 | SRR23674826   | mouse    | 2025-11-12    | scRecounter  |        | 2025-11-12 05:01:44.596257 |                 |      | version_1_0 | 
 SRX19537792_SRR23674834_scRecounter_version_1_0 | SRX19537792_SRR23674834 | SRR23674834   | mouse    | 2025-11-12    | scRecounter  |        | 2025-11-12 05:01:44.612237 |                 |      | version_1_0 | 
 SRX19537795_SRR23674821_scRecounter_version_1_0 | SRX19537795_SRR23674821 | SRR23674821   | mouse    | 2025-11-12    | scRecounter  |        | 2025-11-12 05:01:44.629177 |                 |      | version_1_0 | 
 SRX19537794_SRR23674825_scRecounter_version_1_0 | SRX19537794_SRR23674825 | SRR23674825   | mouse    | 2025-11-12    | scRecounter  |        | 2025-11-12 05:01:44.639188 |                 |      | version_1_0 | 
 SRX19537796_SRR23674818_scRecounter_version_1_0 | SRX19537796_SRR23674818 | SRR23674818   | mouse    | 2025-11-12    | scRecounter  |        | 2025-11-12 05:01:44.64679  |                 |      | version_1_0 | 
 SRX19537793_SRR23674832_scRecounter_version_1_0 | SRX19537793_SRR23674832 | SRR23674832   | mouse    | 2025-11-12    | scRecounter  |        | 2025-11-12 05:01:44.695093 |                 |      | version_1_0 | 
 SRX19538384_SRR23675521_scRecounter_version_1_0 | SRX19538384_SRR23675521 | SRR23675521   | mouse    | 2025-11-12    | scRecounter  |        | 2025-11-12 05:49:59.378393 |                 |      | version_1_0 | 
 SRX19538029_SRR23675168_scRecounter_version_1_0 | SRX19538029_SRR23675168 | SRR23675168   | mouse    | 2025-11-12    | scRecounter  |        | 2025-11-12 05:49:59.409558 |                 |      | version_1_0 | 
 SRX14491947_SRR18356663_scRecounter_version_1_0 | SRX14491947_SRR18356663 | SRR18356663   | mouse    | 2025-11-15    | scRecounter  |        | 2025-11-15 22:55:06.064678 |                 |      | version_1_0 | 
 SRX19538382_SRR23675526_scRecounter_version_1_0 | SRX19538382_SRR23675526 | SRR23675526   | mouse    | 2025-11-12    | scRecounter  |        | 2025-11-12 05:49:59.52346  |                 |      | version_1_0 | 
 SRX19538386_SRR23675518_scRecounter_version_1_0 | SRX19538386_SRR23675518 | SRR23675518   | mouse    | 2025-11-12    | scRecounter  |        | 2025-11-12 05:49:59.525788 |                 |      | version_1_0 | 
 SRX19538385_SRR23675519_scRecounter_version_1_0 | SRX19538385_SRR23675519 | SRR23675519   | mouse    | 2025-11-12    | scRecounter  |        | 2025-11-12 05:49:59.536224 |                 |      | version_1_0 | 
 SRX19538385_SRR23675520_scRecounter_version_1_0 | SRX19538385_SRR23675520 | SRR23675520   | mouse    | 2025-11-12    | scRecounter  |        | 2025-11-12 05:49:59.554014 |                 |      | version_1_0 | 
 SRX19538382_SRR23675525_scRecounter_version_1_0 | SRX19538382_SRR23675525 | SRR23675525   | mouse    | 2025-11-12    | scRecounter  |        | 2025-11-12 05:49:59.558139 |                 |      | version_1_0 | 
 SRX19538381_SRR23675527_scRecounter_version_1_0 | SRX19538381_SRR23675527 | SRR23675527   | mouse    | 2025-11-12    | scRecounter  |        | 2025-11-12 05:49:59.591406 |                 |      | version_1_0 | 
 SRX19538384_SRR23675522_scRecounter_version_1_0 | SRX19538384_SRR23675522 | SRR23675522   | mouse    | 2025-11-12    | scRecounter  |        | 2025-11-12 05:49:59.682573 |                 |      | version_1_0 | 
 SRX19538386_SRR23675517_scRecounter_version_1_0 | SRX19538386_SRR23675517 | SRR23675517   | mouse    | 2025-11-12    | scRecounter  |        | 2025-11-12 05:49:59.736709 |                 |      | version_1_0 | 
 SRX19538381_SRR23675528_scRecounter_version_1_0 | SRX19538381_SRR23675528 | SRR23675528   | mouse    | 2025-11-12    | scRecounter  |        | 2025-11-12 05:49:59.744    |                 |      | version_1_0 | 
 SRX19538029_SRR23675167_scRecounter_version_1_0 | SRX19538029_SRR23675167 | SRR23675167   | mouse    | 2025-11-12    | scRecounter  |        | 2025-11-12 05:49:59.746998 |                 |      | version_1_0 | 
 SRX19538029_SRR23675169_scRecounter_version_1_0 | SRX19538029_SRR23675169 | SRR23675169   | mouse    | 2025-11-12    | scRecounter  |        | 2025-11-12 05:49:59.760585 |                 |      | version_1_0 | 
 SRX19538388_SRR23675513_scRecounter_version_1_0 | SRX19538388_SRR23675513 | SRR23675513   | mouse    | 2025-11-12    | scRecounter  |        | 2025-11-12 06:36:30.79272  |                 |      | version_1_0 | 
 SRX19538393_SRR23675504_scRecounter_version_1_0 | SRX19538393_SRR23675504 | SRR23675504   | mouse    | 2025-11-12    | scRecounter  |        | 2025-11-12 06:36:30.849573 |                 |      | version_1_0 | 
 SRX19538392_SRR23675505_scRecounter_version_1_0 | SRX19538392_SRR23675505 | SRR23675505   | mouse    | 2025-11-12    | scRecounter  |        | 2025-11-12 06:36:30.850156 |                 |      | version_1_0 | 
 SRX19538389_SRR23675511_scRecounter_version_1_0 | SRX19538389_SRR23675511 | SRR23675511   | mouse    | 2025-11-12    | scRecounter  |        | 2025-11-12 06:36:30.854349 |                 |      | version_1_0 | 
 SRX19538391_SRR23675507_scRecounter_version_1_0 | SRX19538391_SRR23675507 | SRR23675507   | mouse    | 2025-11-12    | scRecounter  |        | 2025-11-12 06:36:30.861698 |                 |      | version_1_0 | 
 SRX19538389_SRR23675512_scRecounter_version_1_0 | SRX19538389_SRR23675512 | SRR23675512   | mouse    | 2025-11-12    | scRecounter  |        | 2025-11-12 06:36:30.865916 |                 |      | version_1_0 | 
 SRX19538388_SRR23675514_scRecounter_version_1_0 | SRX19538388_SRR23675514 | SRR23675514   | mouse    | 2025-11-12    | scRecounter  |        | 2025-11-12 06:36:30.886209 |                 |      | version_1_0 | 
 SRX19538392_SRR23675506_scRecounter_version_1_0 | SRX19538392_SRR23675506 | SRR23675506   | mouse    | 2025-11-12    | scRecounter  |        | 2025-11-12 06:36:30.899259 |                 |      | version_1_0 | 
 SRX18895776_SRR22938456_scRecounter_version_1_0 | SRX18895776_SRR22938456 | SRR22938456   | mouse    | 2025-11-12    | scRecounter  |        | 2025-11-12 06:36:30.913399 |                 |      | version_1_0 | 
 SRX19538391_SRR23675508_scRecounter_version_1_0 | SRX19538391_SRR23675508 | SRR23675508   | mouse    | 2025-11-12    | scRecounter  |        | 2025-11-12 06:36:30.921276 |                 |      | version_1_0 | 
 SRX19538390_SRR23675509_scRecounter_version_1_0 | SRX19538390_SRR23675509 | SRR23675509   | mouse    | 2025-11-12    | scRecounter  |        | 2025-11-12 06:36:30.937938 |                 |      | version_1_0 | 
 SRX19538390_SRR23675510_scRecounter_version_1_0 | SRX19538390_SRR23675510 | SRR23675510   | mouse    | 2025-11-12    | scRecounter  |        | 2025-11-12 06:36:30.95874  |                 |      | version_1_0 | 
 SRX14491937_SRR18356673_scRecounter_version_1_0 | SRX14491937_SRR18356673 | SRR18356673   | mouse    | 2025-11-15    | scRecounter  |        | 2025-11-15 22:55:06.070911 |                 |      | version_1_0 | 
 SRX12438812_SRR16153992_scRecounter_version_1_0 | SRX12438812_SRR16153992 | SRR16153992   | mouse    | 2025-11-16    | scRecounter  |        | 2025-11-16 00:27:54.015981 |                 |      | version_1_0 | 
 SRX12438807_SRR16153971_scRecounter_version_1_0 | SRX12438807_SRR16153971 | SRR16153971   | mouse    | 2025-11-16    | scRecounter  |        | 2025-11-16 00:27:54.220644 |                 |      | version_1_0 | 
 SRX12438803_SRR16153954_scRecounter_version_1_0 | SRX12438803_SRR16153954 | SRR16153954   | mouse    | 2025-11-16    | scRecounter  |        | 2025-11-16 00:27:54.419625 |                 |      | version_1_0 | 
 SRX12501916_SRR16220013_scRecounter_version_1_0 | SRX12501916_SRR16220013 | SRR16220013   | mouse    | 2025-11-16    | scRecounter  |        | 2025-11-16 00:27:54.610335 |                 |      | version_1_0 | 
 SRX12501918_SRR16220034_scRecounter_version_1_0 | SRX12501918_SRR16220034 | SRR16220034   | mouse    | 2025-11-16    | scRecounter  |        | 2025-11-16 00:56:30.881699 |                 |      | version_1_0 | 
 SRX12501918_SRR16220037_scRecounter_version_1_0 | SRX12501918_SRR16220037 | SRR16220037   | mouse    | 2025-11-16    | scRecounter  |        | 2025-11-16 00:56:31.141189 |                 |      | version_1_0 | 
 SRX12501917_SRR16220016_scRecounter_version_1_0 | SRX12501917_SRR16220016 | SRR16220016   | mouse    | 2025-11-16    | scRecounter  |        | 2025-11-16 00:56:31.299022 |                 |      | version_1_0 | 
 SRX12501919_SRR16220000_scRecounter_version_1_0 | SRX12501919_SRR16220000 | SRR16220000   | mouse    | 2025-11-16    | scRecounter  |        | 2025-11-16 00:56:31.426917 |                 |      | version_1_0 | 
 SRX12501918_SRR16219985_scRecounter_version_1_0 | SRX12501918_SRR16219985 | SRR16219985   | mouse    | 2025-11-16    | scRecounter  |        | 2025-11-16 00:56:31.463436 |                 |      | version_1_0 | 
 SRX19538393_SRR23675503_scRecounter_version_1_0 | SRX19538393_SRR23675503 | SRR23675503   | mouse    | 2025-11-12    | scRecounter  |        | 2025-11-12 06:36:30.963959 |                 |      | version_1_0 | 
 SRX18895777_SRR22938457_scRecounter_version_1_0 | SRX18895777_SRR22938457 | SRR22938457   | mouse    | 2025-11-12    | scRecounter  |        | 2025-11-12 06:51:57.645589 |                 |      | version_1_0 | 
 SRX18895779_SRR22938459_scRecounter_version_1_0 | SRX18895779_SRR22938459 | SRR22938459   | mouse    | 2025-11-12    | scRecounter  |        | 2025-11-12 06:51:57.693909 |                 |      | version_1_0 | 
 SRX18895778_SRR22938458_scRecounter_version_1_0 | SRX18895778_SRR22938458 | SRR22938458   | mouse    | 2025-11-12    | scRecounter  |        | 2025-11-12 06:51:57.741982 |                 |      | version_1_0 | 
 SRX18895782_SRR22938462_scRecounter_version_1_0 | SRX18895782_SRR22938462 | SRR22938462   | mouse    | 2025-11-12    | scRecounter  |        | 2025-11-12 06:54:25.451083 |                 |      | version_1_0 | 
 SRX18895781_SRR22938461_scRecounter_version_1_0 | SRX18895781_SRR22938461 | SRR22938461   | mouse    | 2025-11-12    | scRecounter  |        | 2025-11-12 06:54:25.46813  |                 |      | version_1_0 | 
 SRX18895780_SRR22938460_scRecounter_version_1_0 | SRX18895780_SRR22938460 | SRR22938460   | mouse    | 2025-11-12    | scRecounter  |        | 2025-11-12 06:54:25.543968 |                 |      | version_1_0 | 
 SRX18895784_SRR22938464_scRecounter_version_1_0 | SRX18895784_SRR22938464 | SRR22938464   | mouse    | 2025-11-12    | scRecounter  |        | 2025-11-12 06:56:51.02395  |                 |      | version_1_0 | 
 SRX18895785_SRR22938465_scRecounter_version_1_0 | SRX18895785_SRR22938465 | SRR22938465   | mouse    | 2025-11-12    | scRecounter  |        | 2025-11-12 06:56:51.05426  |                 |      | version_1_0 | 
 SRX18895783_SRR22938463_scRecounter_version_1_0 | SRX18895783_SRR22938463 | SRR22938463   | mouse    | 2025-11-12    | scRecounter  |        | 2025-11-12 06:56:51.151457 |                 |      | version_1_0 | 
 SRX18895786_SRR22938466_scRecounter_version_1_0 | SRX18895786_SRR22938466 | SRR22938466   | mouse    | 2025-11-12    | scRecounter  |        | 2025-11-12 06:59:18.577744 |                 |      | version_1_0 | 
 SRX18895787_SRR22938467_scRecounter_version_1_0 | SRX18895787_SRR22938467 | SRR22938467   | mouse    | 2025-11-12    | scRecounter  |        | 2025-11-12 06:59:18.650881 |                 |      | version_1_0 | 
 SRX18895788_SRR22938468_scRecounter_version_1_0 | SRX18895788_SRR22938468 | SRR22938468   | mouse    | 2025-11-12    | scRecounter  |        | 2025-11-12 06:59:18.726159 |                 |      | version_1_0 | 
 SRX18895791_SRR22938471_scRecounter_version_1_0 | SRX18895791_SRR22938471 | SRR22938471   | mouse    | 2025-11-12    | scRecounter  |        | 2025-11-12 07:01:48.857549 |                 |      | version_1_0 | 
 SRX18895790_SRR22938470_scRecounter_version_1_0 | SRX18895790_SRR22938470 | SRR22938470   | mouse    | 2025-11-12    | scRecounter  |        | 2025-11-12 07:01:48.930797 |                 |      | version_1_0 | 
 SRX18895789_SRR22938469_scRecounter_version_1_0 | SRX18895789_SRR22938469 | SRR22938469   | mouse    | 2025-11-12    | scRecounter  |        | 2025-11-12 07:01:48.963871 |                 |      | version_1_0 | 
 SRX18895794_SRR22938474_scRecounter_version_1_0 | SRX18895794_SRR22938474 | SRR22938474   | mouse    | 2025-11-12    | scRecounter  |        | 2025-11-12 07:04:16.724629 |                 |      | version_1_0 | 
 SRX18895792_SRR22938472_scRecounter_version_1_0 | SRX18895792_SRR22938472 | SRR22938472   | mouse    | 2025-11-12    | scRecounter  |        | 2025-11-12 07:04:16.749714 |                 |      | version_1_0 | 
 SRX18895793_SRR22938473_scRecounter_version_1_0 | SRX18895793_SRR22938473 | SRR22938473   | mouse    | 2025-11-12    | scRecounter  |        | 2025-11-12 07:04:16.836952 |                 |      | version_1_0 | 
 SRX18895796_SRR22938476_scRecounter_version_1_0 | SRX18895796_SRR22938476 | SRR22938476   | mouse    | 2025-11-12    | scRecounter  |        | 2025-11-12 07:06:41.652327 |                 |      | version_1_0 | 
 SRX18895797_SRR22938477_scRecounter_version_1_0 | SRX18895797_SRR22938477 | SRR22938477   | mouse    | 2025-11-12    | scRecounter  |        | 2025-11-12 07:06:41.671297 |                 |      | version_1_0 | 
 SRX18895795_SRR22938475_scRecounter_version_1_0 | SRX18895795_SRR22938475 | SRR22938475   | mouse    | 2025-11-12    | scRecounter  |        | 2025-11-12 07:06:41.761536 |                 |      | version_1_0 | 
 SRX18895798_SRR22938478_scRecounter_version_1_0 | SRX18895798_SRR22938478 | SRR22938478   | mouse    | 2025-11-12    | scRecounter  |        | 2025-11-12 07:09:30.825098 |                 |      | version_1_0 | 
 SRX18895799_SRR22938479_scRecounter_version_1_0 | SRX18895799_SRR22938479 | SRR22938479   | mouse    | 2025-11-12    | scRecounter  |        | 2025-11-12 07:09:30.825645 |                 |      | version_1_0 | 
 SRX18895800_SRR22938480_scRecounter_version_1_0 | SRX18895800_SRR22938480 | SRR22938480   | mouse    | 2025-11-12    | scRecounter  |        | 2025-11-12 07:09:30.918099 |                 |      | version_1_0 | 
 SRX18895802_SRR22938482_scRecounter_version_1_0 | SRX18895802_SRR22938482 | SRR22938482   | mouse    | 2025-11-12    | scRecounter  |        | 2025-11-12 07:12:06.564914 |                 |      | version_1_0 | 
 SRX18895801_SRR22938481_scRecounter_version_1_0 | SRX18895801_SRR22938481 | SRR22938481   | mouse    | 2025-11-12    | scRecounter  |        | 2025-11-12 07:12:06.592977 |                 |      | version_1_0 | 
 SRX18895803_SRR22938483_scRecounter_version_1_0 | SRX18895803_SRR22938483 | SRR22938483   | mouse    | 2025-11-12    | scRecounter  |        | 2025-11-12 07:12:06.716596 |                 |      | version_1_0 | 
 SRX18895805_SRR22938485_scRecounter_version_1_0 | SRX18895805_SRR22938485 | SRR22938485   | mouse    | 2025-11-12    | scRecounter  |        | 2025-11-12 07:14:34.60902  |                 |      | version_1_0 | 
 SRX19052296_SRR23100105_scRecounter_version_1_0 | SRX19052296_SRR23100105 | SRR23100105   | mouse    | 2025-11-12    | scRecounter  |        | 2025-11-12 07:14:34.634524 |                 |      | version_1_0 | 
 SRX19052295_SRR23100106_scRecounter_version_1_0 | SRX19052295_SRR23100106 | SRR23100106   | mouse    | 2025-11-12    | scRecounter  |        | 2025-11-12 07:14:34.681408 |                 |      | version_1_0 | 
 SRX19024401_SRR23071181_scRecounter_version_1_0 | SRX19024401_SRR23071181 | SRR23071181   | mouse    | 2025-11-12    | scRecounter  |        | 2025-11-12 07:14:34.688445 |                 |      | version_1_0 | 
 SRX19024400_SRR23071186_scRecounter_version_1_0 | SRX19024400_SRR23071186 | SRR23071186   | mouse    | 2025-11-12    | scRecounter  |        | 2025-11-12 07:14:34.731203 |                 |      | version_1_0 | 
 SRX19024401_SRR23071179_scRecounter_version_1_0 | SRX19024401_SRR23071179 | SRR23071179   | mouse    | 2025-11-12    | scRecounter  |        | 2025-11-12 07:14:34.76422  |                 |      | version_1_0 | 
 SRX19024400_SRR23071183_scRecounter_version_1_0 | SRX19024400_SRR23071183 | SRR23071183   | mouse    | 2025-11-12    | scRecounter  |        | 2025-11-12 07:14:34.792145 |                 |      | version_1_0 | 
 SRX18895804_SRR22938484_scRecounter_version_1_0 | SRX18895804_SRR22938484 | SRR22938484   | mouse    | 2025-11-12    | scRecounter  |        | 2025-11-12 07:14:34.799021 |                 |      | version_1_0 | 
 SRX19024400_SRR23071184_scRecounter_version_1_0 | SRX19024400_SRR23071184 | SRR23071184   | mouse    | 2025-11-12    | scRecounter  |        | 2025-11-12 07:14:34.815204 |                 |      | version_1_0 | 
 SRX19052293_SRR23100108_scRecounter_version_1_0 | SRX19052293_SRR23100108 | SRR23100108   | mouse    | 2025-11-12    | scRecounter  |        | 2025-11-12 07:14:34.837283 |                 |      | version_1_0 | 
 SRX19024400_SRR23071185_scRecounter_version_1_0 | SRX19024400_SRR23071185 | SRR23071185   | mouse    | 2025-11-12    | scRecounter  |        | 2025-11-12 07:14:34.837282 |                 |      | version_1_0 | 
 SRX19024401_SRR23071182_scRecounter_version_1_0 | SRX19024401_SRR23071182 | SRR23071182   | mouse    | 2025-11-12    | scRecounter  |        | 2025-11-12 07:14:34.844961 |                 |      | version_1_0 | 
 SRX19024401_SRR23071180_scRecounter_version_1_0 | SRX19024401_SRR23071180 | SRR23071180   | mouse    | 2025-11-12    | scRecounter  |        | 2025-11-12 07:14:34.881733 |                 |      | version_1_0 | 
 SRX19052294_SRR23100107_scRecounter_version_1_0 | SRX19052294_SRR23100107 | SRR23100107   | mouse    | 2025-11-12    | scRecounter  |        | 2025-11-12 07:14:34.881741 |                 |      | version_1_0 | 
 SRX19052299_SRR23100102_scRecounter_version_1_0 | SRX19052299_SRR23100102 | SRR23100102   | mouse    | 2025-11-12    | scRecounter  |        | 2025-11-12 07:20:11.739102 |                 |      | version_1_0 | 
 SRX19052298_SRR23100103_scRecounter_version_1_0 | SRX19052298_SRR23100103 | SRR23100103   | mouse    | 2025-11-12    | scRecounter  |        | 2025-11-12 07:20:11.775234 |                 |      | version_1_0 | 
 SRX19052302_SRR23100099_scRecounter_version_1_0 | SRX19052302_SRR23100099 | SRR23100099   | mouse    | 2025-11-12    | scRecounter  |        | 2025-11-12 07:20:11.789709 |                 |      | version_1_0 | 
 SRX19052301_SRR23100100_scRecounter_version_1_0 | SRX19052301_SRR23100100 | SRR23100100   | mouse    | 2025-11-12    | scRecounter  |        | 2025-11-12 07:20:11.835915 |                 |      | version_1_0 | 
 SRX19052305_SRR23100096_scRecounter_version_1_0 | SRX19052305_SRR23100096 | SRR23100096   | mouse    | 2025-11-12    | scRecounter  |        | 2025-11-12 07:20:11.838005 |                 |      | version_1_0 | 
 SRX19052300_SRR23100101_scRecounter_version_1_0 | SRX19052300_SRR23100101 | SRR23100101   | mouse    | 2025-11-12    | scRecounter  |        | 2025-11-12 07:20:11.839615 |                 |      | version_1_0 | 
 SRX19052304_SRR23100097_scRecounter_version_1_0 | SRX19052304_SRR23100097 | SRR23100097   | mouse    | 2025-11-12    | scRecounter  |        | 2025-11-12 07:20:11.840362 |                 |      | version_1_0 | 
 SRX19052297_SRR23100104_scRecounter_version_1_0 | SRX19052297_SRR23100104 | SRR23100104   | mouse    | 2025-11-12    | scRecounter  |        | 2025-11-12 07:20:11.850257 |                 |      | version_1_0 | 
 SRX19052303_SRR23100098_scRecounter_version_1_0 | SRX19052303_SRR23100098 | SRR23100098   | mouse    | 2025-11-12    | scRecounter  |        | 2025-11-12 07:20:11.857847 |                 |      | version_1_0 | 
 SRX19052306_SRR23100095_scRecounter_version_1_0 | SRX19052306_SRR23100095 | SRR23100095   | mouse    | 2025-11-12    | scRecounter  |        | 2025-11-12 07:20:11.956846 |                 |      | version_1_0 | 
 SRX18847336_SRR22889327_scRecounter_version_1_0 | SRX18847336_SRR22889327 | SRR22889327   | mouse    | 2025-11-12    | scRecounter  |        | 2025-11-12 07:26:21.152487 |                 |      | version_1_0 | 
 SRX18847337_SRR22889324_scRecounter_version_1_0 | SRX18847337_SRR22889324 | SRR22889324   | mouse    | 2025-11-12    | scRecounter  |        | 2025-11-12 07:26:21.269691 |                 |      | version_1_0 | 
 SRX18847335_SRR22889331_scRecounter_version_1_0 | SRX18847335_SRR22889331 | SRR22889331   | mouse    | 2025-11-12    | scRecounter  |        | 2025-11-12 07:26:21.314682 |                 |      | version_1_0 | 
 SRX18847335_SRR22889333_scRecounter_version_1_0 | SRX18847335_SRR22889333 | SRR22889333   | mouse    | 2025-11-12    | scRecounter  |        | 2025-11-12 07:26:21.318914 |                 |      | version_1_0 | 
 SRX18847338_SRR22889321_scRecounter_version_1_0 | SRX18847338_SRR22889321 | SRR22889321   | mouse    | 2025-11-12    | scRecounter  |        | 2025-11-12 07:26:21.354836 |                 |      | version_1_0 | 
 SRX18847348_SRR22889281_scRecounter_version_1_0 | SRX18847348_SRR22889281 | SRR22889281   | mouse    | 2025-11-12    | scRecounter  |        | 2025-11-12 07:26:21.359404 |                 |      | version_1_0 | 
 SRX18847336_SRR22889330_scRecounter_version_1_0 | SRX18847336_SRR22889330 | SRR22889330   | mouse    | 2025-11-12    | scRecounter  |        | 2025-11-12 07:26:21.389661 |                 |      | version_1_0 | 
 SRX18847337_SRR22889326_scRecounter_version_1_0 | SRX18847337_SRR22889326 | SRR22889326   | mouse    | 2025-11-12    | scRecounter  |        | 2025-11-12 07:26:21.406645 |                 |      | version_1_0 | 
 SRX18847336_SRR22889328_scRecounter_version_1_0 | SRX18847336_SRR22889328 | SRR22889328   | mouse    | 2025-11-12    | scRecounter  |        | 2025-11-12 07:26:21.442428 |                 |      | version_1_0 | 
 SRX18847348_SRR22889356_scRecounter_version_1_0 | SRX18847348_SRR22889356 | SRR22889356   | mouse    | 2025-11-12    | scRecounter  |        | 2025-11-12 07:26:21.444628 |                 |      | version_1_0 | 
 SRX18847338_SRR22889319_scRecounter_version_1_0 | SRX18847338_SRR22889319 | SRR22889319   | mouse    | 2025-11-12    | scRecounter  |        | 2025-11-12 07:26:21.445511 |                 |      | version_1_0 | 
 SRX18847338_SRR22889320_scRecounter_version_1_0 | SRX18847338_SRR22889320 | SRR22889320   | mouse    | 2025-11-12    | scRecounter  |        | 2025-11-12 07:26:21.446845 |                 |      | version_1_0 | 
 SRX18847338_SRR22889322_scRecounter_version_1_0 | SRX18847338_SRR22889322 | SRR22889322   | mouse    | 2025-11-12    | scRecounter  |        | 2025-11-12 07:26:21.450526 |                 |      | version_1_0 | 
 SRX18847335_SRR22889334_scRecounter_version_1_0 | SRX18847335_SRR22889334 | SRR22889334   | mouse    | 2025-11-12    | scRecounter  |        | 2025-11-12 07:26:21.453534 |                 |      | version_1_0 | 
 SRX18847337_SRR22889323_scRecounter_version_1_0 | SRX18847337_SRR22889323 | SRR22889323   | mouse    | 2025-11-12    | scRecounter  |        | 2025-11-12 07:26:21.475149 |                 |      | version_1_0 | 
 SRX18847336_SRR22889329_scRecounter_version_1_0 | SRX18847336_SRR22889329 | SRR22889329   | mouse    | 2025-11-12    | scRecounter  |        | 2025-11-12 07:26:21.476555 |                 |      | version_1_0 | 
 SRX18847337_SRR22889325_scRecounter_version_1_0 | SRX18847337_SRR22889325 | SRR22889325   | mouse    | 2025-11-12    | scRecounter  |        | 2025-11-12 07:26:21.485137 |                 |      | version_1_0 | 
 SRX18847348_SRR22889357_scRecounter_version_1_0 | SRX18847348_SRR22889357 | SRR22889357   | mouse    | 2025-11-12    | scRecounter  |        | 2025-11-12 07:26:21.494305 |                 |      | version_1_0 | 
 SRX18847335_SRR22889332_scRecounter_version_1_0 | SRX18847335_SRR22889332 | SRR22889332   | mouse    | 2025-11-12    | scRecounter  |        | 2025-11-12 07:26:21.510544 |                 |      | version_1_0 | 
 SRX18847348_SRR22889282_scRecounter_version_1_0 | SRX18847348_SRR22889282 | SRR22889282   | mouse    | 2025-11-12    | scRecounter  |        | 2025-11-12 07:26:21.606652 |                 |      | version_1_0 | 
 SRX18847345_SRR22889293_scRecounter_version_1_0 | SRX18847345_SRR22889293 | SRR22889293   | mouse    | 2025-11-12    | scRecounter  |        | 2025-11-12 07:30:07.573932 |                 |      | version_1_0 | 
 SRX18847340_SRR22889313_scRecounter_version_1_0 | SRX18847340_SRR22889313 | SRR22889313   | mouse    | 2025-11-12    | scRecounter  |        | 2025-11-12 07:30:07.648251 |                 |      | version_1_0 | 
 SRX18847339_SRR22889315_scRecounter_version_1_0 | SRX18847339_SRR22889315 | SRR22889315   | mouse    | 2025-11-12    | scRecounter  |        | 2025-11-12 07:30:07.712596 |                 |      | version_1_0 | 
 SRX18847343_SRR22889300_scRecounter_version_1_0 | SRX18847343_SRR22889300 | SRR22889300   | mouse    | 2025-11-12    | scRecounter  |        | 2025-11-12 07:30:07.732883 |                 |      | version_1_0 | 
 SRX18847342_SRR22889305_scRecounter_version_1_0 | SRX18847342_SRR22889305 | SRR22889305   | mouse    | 2025-11-12    | scRecounter  |        | 2025-11-12 07:30:07.750619 |                 |      | version_1_0 | 
 SRX18847343_SRR22889301_scRecounter_version_1_0 | SRX18847343_SRR22889301 | SRR22889301   | mouse    | 2025-11-12    | scRecounter  |        | 2025-11-12 07:30:07.868645 |                 |      | version_1_0 | 
 SRX18847342_SRR22889304_scRecounter_version_1_0 | SRX18847342_SRR22889304 | SRR22889304   | mouse    | 2025-11-12    | scRecounter  |        | 2025-11-12 07:30:07.876263 |                 |      | version_1_0 | 
 SRX18847341_SRR22889308_scRecounter_version_1_0 | SRX18847341_SRR22889308 | SRR22889308   | mouse    | 2025-11-12    | scRecounter  |        | 2025-11-12 07:30:07.885476 |                 |      | version_1_0 | 
 SRX18847341_SRR22889310_scRecounter_version_1_0 | SRX18847341_SRR22889310 | SRR22889310   | mouse    | 2025-11-12    | scRecounter  |        | 2025-11-12 07:30:07.886399 |                 |      | version_1_0 | 
 SRX18847341_SRR22889309_scRecounter_version_1_0 | SRX18847341_SRR22889309 | SRR22889309   | mouse    | 2025-11-12    | scRecounter  |        | 2025-11-12 07:30:07.910356 |                 |      | version_1_0 | 
 SRX18847343_SRR22889302_scRecounter_version_1_0 | SRX18847343_SRR22889302 | SRR22889302   | mouse    | 2025-11-12    | scRecounter  |        | 2025-11-12 07:30:07.919862 |                 |      | version_1_0 | 
 SRX18847339_SRR22889318_scRecounter_version_1_0 | SRX18847339_SRR22889318 | SRR22889318   | mouse    | 2025-11-12    | scRecounter  |        | 2025-11-12 07:30:07.925286 |                 |      | version_1_0 | 
 SRX18847339_SRR22889316_scRecounter_version_1_0 | SRX18847339_SRR22889316 | SRR22889316   | mouse    | 2025-11-12    | scRecounter  |        | 2025-11-12 07:30:07.927482 |                 |      | version_1_0 | 
 SRX18847344_SRR22889298_scRecounter_version_1_0 | SRX18847344_SRR22889298 | SRR22889298   | mouse    | 2025-11-12    | scRecounter  |        | 2025-11-12 07:30:07.942661 |                 |      | version_1_0 | 
 SRX18847344_SRR22889296_scRecounter_version_1_0 | SRX18847344_SRR22889296 | SRR22889296   | mouse    | 2025-11-12    | scRecounter  |        | 2025-11-12 07:30:07.983272 |                 |      | version_1_0 | 
 SRX18847345_SRR22889292_scRecounter_version_1_0 | SRX18847345_SRR22889292 | SRR22889292   | mouse    | 2025-11-12    | scRecounter  |        | 2025-11-12 07:30:07.988822 |                 |      | version_1_0 | 
 SRX18847343_SRR22889299_scRecounter_version_1_0 | SRX18847343_SRR22889299 | SRR22889299   | mouse    | 2025-11-12    | scRecounter  |        | 2025-11-12 07:30:07.989106 |                 |      | version_1_0 | 
 SRX18847341_SRR22889307_scRecounter_version_1_0 | SRX18847341_SRR22889307 | SRR22889307   | mouse    | 2025-11-12    | scRecounter  |        | 2025-11-12 07:30:07.989125 |                 |      | version_1_0 | 
 SRX18847345_SRR22889294_scRecounter_version_1_0 | SRX18847345_SRR22889294 | SRR22889294   | mouse    | 2025-11-12    | scRecounter  |        | 2025-11-12 07:30:07.992131 |                 |      | version_1_0 | 
 SRX18847340_SRR22889314_scRecounter_version_1_0 | SRX18847340_SRR22889314 | SRR22889314   | mouse    | 2025-11-12    | scRecounter  |        | 2025-11-12 07:30:08.000488 |                 |      | version_1_0 | 
 SRX18847340_SRR22889312_scRecounter_version_1_0 | SRX18847340_SRR22889312 | SRR22889312   | mouse    | 2025-11-12    | scRecounter  |        | 2025-11-12 07:30:08.012223 |                 |      | version_1_0 | 
 SRX18847342_SRR22889306_scRecounter_version_1_0 | SRX18847342_SRR22889306 | SRR22889306   | mouse    | 2025-11-12    | scRecounter  |        | 2025-11-12 07:30:08.012689 |                 |      | version_1_0 | 
 SRX18847342_SRR22889303_scRecounter_version_1_0 | SRX18847342_SRR22889303 | SRR22889303   | mouse    | 2025-11-12    | scRecounter  |        | 2025-11-12 07:30:08.015242 |                 |      | version_1_0 | 
 SRX18847340_SRR22889311_scRecounter_version_1_0 | SRX18847340_SRR22889311 | SRR22889311   | mouse    | 2025-11-12    | scRecounter  |        | 2025-11-12 07:30:08.016846 |                 |      | version_1_0 | 
 SRX18847345_SRR22889291_scRecounter_version_1_0 | SRX18847345_SRR22889291 | SRR22889291   | mouse    | 2025-11-12    | scRecounter  |        | 2025-11-12 07:30:08.033034 |                 |      | version_1_0 | 
 SRX18847344_SRR22889297_scRecounter_version_1_0 | SRX18847344_SRR22889297 | SRR22889297   | mouse    | 2025-11-12    | scRecounter  |        | 2025-11-12 07:30:08.054431 |                 |      | version_1_0 | 
 SRX18847344_SRR22889295_scRecounter_version_1_0 | SRX18847344_SRR22889295 | SRR22889295   | mouse    | 2025-11-12    | scRecounter  |        | 2025-11-12 07:30:08.067923 |                 |      | version_1_0 | 
 SRX18847339_SRR22889317_scRecounter_version_1_0 | SRX18847339_SRR22889317 | SRR22889317   | mouse    | 2025-11-12    | scRecounter  |        | 2025-11-12 07:30:08.144993 |                 |      | version_1_0 | 
 SRX18847346_SRR22889290_scRecounter_version_1_0 | SRX18847346_SRR22889290 | SRR22889290   | mouse    | 2025-11-12    | scRecounter  |        | 2025-11-12 07:34:56.253493 |                 |      | version_1_0 | 
 SRX18847347_SRR22889285_scRecounter_version_1_0 | SRX18847347_SRR22889285 | SRR22889285   | mouse    | 2025-11-12    | scRecounter  |        | 2025-11-12 07:34:56.255891 |                 |      | version_1_0 | 
 SRX18847347_SRR22889284_scRecounter_version_1_0 | SRX18847347_SRR22889284 | SRR22889284   | mouse    | 2025-11-12    | scRecounter  |        | 2025-11-12 07:34:56.2936   |                 |      | version_1_0 | 
 SRX18847346_SRR22889287_scRecounter_version_1_0 | SRX18847346_SRR22889287 | SRR22889287   | mouse    | 2025-11-12    | scRecounter  |        | 2025-11-12 07:34:56.298394 |                 |      | version_1_0 | 
 SRX18847347_SRR22889283_scRecounter_version_1_0 | SRX18847347_SRR22889283 | SRR22889283   | mouse    | 2025-11-12    | scRecounter  |        | 2025-11-12 07:34:56.302859 |                 |      | version_1_0 | 
 SRX18847346_SRR22889288_scRecounter_version_1_0 | SRX18847346_SRR22889288 | SRR22889288   | mouse    | 2025-11-12    | scRecounter  |        | 2025-11-12 07:34:56.332959 |                 |      | version_1_0 | 
 SRX18847347_SRR22889286_scRecounter_version_1_0 | SRX18847347_SRR22889286 | SRR22889286   | mouse    | 2025-11-12    | scRecounter  |        | 2025-11-12 07:34:56.380315 |                 |      | version_1_0 | 
 SRX18847346_SRR22889289_scRecounter_version_1_0 | SRX18847346_SRR22889289 | SRR22889289   | mouse    | 2025-11-12    | scRecounter  |        | 2025-11-12 07:34:56.455335 |                 |      | version_1_0 | 
 SRX18895753_SRR22938433_scRecounter_version_1_0 | SRX18895753_SRR22938433 | SRR22938433   | mouse    | 2025-11-13    | scRecounter  |        | 2025-11-13 12:16:30.674375 |                 |      | version_1_0 | 
 SRX18895754_SRR22938434_scRecounter_version_1_0 | SRX18895754_SRR22938434 | SRR22938434   | mouse    | 2025-11-13    | scRecounter  |        | 2025-11-13 13:56:12.298504 |                 |      | version_1_0 | 
 SRX18895756_SRR22938436_scRecounter_version_1_0 | SRX18895756_SRR22938436 | SRR22938436   | mouse    | 2025-11-13    | scRecounter  |        | 2025-11-13 13:56:12.373779 |                 |      | version_1_0 | 
 SRX18895755_SRR22938435_scRecounter_version_1_0 | SRX18895755_SRR22938435 | SRR22938435   | mouse    | 2025-11-13    | scRecounter  |        | 2025-11-13 13:56:12.426749 |                 |      | version_1_0 | 
 SRX18895757_SRR22938437_scRecounter_version_1_0 | SRX18895757_SRR22938437 | SRR22938437   | mouse    | 2025-11-13    | scRecounter  |        | 2025-11-13 13:58:42.494023 |                 |      | version_1_0 | 
 SRX18895759_SRR22938439_scRecounter_version_1_0 | SRX18895759_SRR22938439 | SRR22938439   | mouse    | 2025-11-13    | scRecounter  |        | 2025-11-13 13:58:42.628831 |                 |      | version_1_0 | 
 SRX18895760_SRR22938440_scRecounter_version_1_0 | SRX18895760_SRR22938440 | SRR22938440   | mouse    | 2025-11-13    | scRecounter  |        | 2025-11-13 14:55:11.117295 |                 |      | version_1_0 | 
 SRX18895762_SRR22938442_scRecounter_version_1_0 | SRX18895762_SRR22938442 | SRR22938442   | mouse    | 2025-11-13    | scRecounter  |        | 2025-11-13 14:55:11.159931 |                 |      | version_1_0 | 
 SRX18895761_SRR22938441_scRecounter_version_1_0 | SRX18895761_SRR22938441 | SRR22938441   | mouse    | 2025-11-13    | scRecounter  |        | 2025-11-13 14:55:11.24714  |                 |      | version_1_0 | 
 SRX18895763_SRR22938443_scRecounter_version_1_0 | SRX18895763_SRR22938443 | SRR22938443   | mouse    | 2025-11-13    | scRecounter  |        | 2025-11-13 14:57:38.656134 |                 |      | version_1_0 | 
 SRX18895765_SRR22938445_scRecounter_version_1_0 | SRX18895765_SRR22938445 | SRR22938445   | mouse    | 2025-11-13    | scRecounter  |        | 2025-11-13 14:57:38.700688 |                 |      | version_1_0 | 
 SRX18895764_SRR22938444_scRecounter_version_1_0 | SRX18895764_SRR22938444 | SRR22938444   | mouse    | 2025-11-13    | scRecounter  |        | 2025-11-13 14:57:38.739506 |                 |      | version_1_0 | 
 SRX18895768_SRR22938448_scRecounter_version_1_0 | SRX18895768_SRR22938448 | SRR22938448   | mouse    | 2025-11-13    | scRecounter  |        | 2025-11-13 15:00:15.130884 |                 |      | version_1_0 | 
 SRX18895766_SRR22938446_scRecounter_version_1_0 | SRX18895766_SRR22938446 | SRR22938446   | mouse    | 2025-11-13    | scRecounter  |        | 2025-11-13 15:00:15.198057 |                 |      | version_1_0 | 
 SRX18895767_SRR22938447_scRecounter_version_1_0 | SRX18895767_SRR22938447 | SRR22938447   | mouse    | 2025-11-13    | scRecounter  |        | 2025-11-13 15:00:15.324412 |                 |      | version_1_0 | 
 SRX18895769_SRR22938449_scRecounter_version_1_0 | SRX18895769_SRR22938449 | SRR22938449   | mouse    | 2025-11-13    | scRecounter  |        | 2025-11-13 15:02:42.040872 |                 |      | version_1_0 | 
 SRX18895771_SRR22938451_scRecounter_version_1_0 | SRX18895771_SRR22938451 | SRR22938451   | mouse    | 2025-11-13    | scRecounter  |        | 2025-11-13 15:02:42.095156 |                 |      | version_1_0 | 
 SRX18895770_SRR22938450_scRecounter_version_1_0 | SRX18895770_SRR22938450 | SRR22938450   | mouse    | 2025-11-13    | scRecounter  |        | 2025-11-13 15:02:42.185408 |                 |      | version_1_0 | 
 SRX18895774_SRR22938454_scRecounter_version_1_0 | SRX18895774_SRR22938454 | SRR22938454   | mouse    | 2025-11-13    | scRecounter  |        | 2025-11-13 15:05:09.747317 |                 |      | version_1_0 | 
 SRX18895772_SRR22938452_scRecounter_version_1_0 | SRX18895772_SRR22938452 | SRR22938452   | mouse    | 2025-11-13    | scRecounter  |        | 2025-11-13 15:05:09.817051 |                 |      | version_1_0 | 
 SRX18895775_SRR22938455_scRecounter_version_1_0 | SRX18895775_SRR22938455 | SRR22938455   | mouse    | 2025-11-13    | scRecounter  |        | 2025-11-13 15:05:09.816998 |                 |      | version_1_0 | 
 SRX18895773_SRR22938453_scRecounter_version_1_0 | SRX18895773_SRR22938453 | SRR22938453   | mouse    | 2025-11-13    | scRecounter  |        | 2025-11-13 15:05:09.916356 |                 |      | version_1_0 | 
 SRX18258547_SRR22284422_scRecounter_version_1_0 | SRX18258547_SRR22284422 | SRR22284422   | mouse    | 2025-11-13    | scRecounter  |        | 2025-11-13 15:08:07.95343  |                 |      | version_1_0 | 
 SRX18378215_SRR22408636_scRecounter_version_1_0 | SRX18378215_SRR22408636 | SRR22408636   | mouse    | 2025-11-13    | scRecounter  |        | 2025-11-13 15:08:08.02103  |                 |      | version_1_0 | 
 SRX18258548_SRR22284421_scRecounter_version_1_0 | SRX18258548_SRR22284421 | SRR22284421   | mouse    | 2025-11-13    | scRecounter  |        | 2025-11-13 15:08:08.121145 |                 |      | version_1_0 | 
 SRX18378216_SRR22408635_scRecounter_version_1_0 | SRX18378216_SRR22408635 | SRR22408635   | mouse    | 2025-11-13    | scRecounter  |        | 2025-11-13 15:10:54.782141 |                 |      | version_1_0 | 
 SRX18378218_SRR22408632_scRecounter_version_1_0 | SRX18378218_SRR22408632 | SRR22408632   | mouse    | 2025-11-13    | scRecounter  |        | 2025-11-13 17:03:36.017118 |                 |      | version_1_0 | 
 SRX18378219_SRR22408634_scRecounter_version_1_0 | SRX18378219_SRR22408634 | SRR22408634   | mouse    | 2025-11-13    | scRecounter  |        | 2025-11-13 17:05:19.228173 |                 |      | version_1_0 | 
 SRX18378221_SRR22408630_scRecounter_version_1_0 | SRX18378221_SRR22408630 | SRR22408630   | mouse    | 2025-11-13    | scRecounter  |        | 2025-11-13 17:07:12.772283 |                 |      | version_1_0 | 
 SRX18378223_SRR22408627_scRecounter_version_1_0 | SRX18378223_SRR22408627 | SRR22408627   | mouse    | 2025-11-13    | scRecounter  |        | 2025-11-13 19:12:38.319407 |                 |      | version_1_0 | 
 SRX18378222_SRR22408628_scRecounter_version_1_0 | SRX18378222_SRR22408628 | SRR22408628   | mouse    | 2025-11-13    | scRecounter  |        | 2025-11-13 19:12:38.391251 |                 |      | version_1_0 | 
 SRX18378225_SRR22408626_scRecounter_version_1_0 | SRX18378225_SRR22408626 | SRR22408626   | mouse    | 2025-11-13    | scRecounter  |        | 2025-11-13 19:14:36.593966 |                 |      | version_1_0 | 
 SRX18378224_SRR22408629_scRecounter_version_1_0 | SRX18378224_SRR22408629 | SRR22408629   | mouse    | 2025-11-13    | scRecounter  |        | 2025-11-13 19:14:36.702237 |                 |      | version_1_0 | 
 SRX14491948_SRR18356662_scRecounter_version_1_0 | SRX14491948_SRR18356662 | SRR18356662   | mouse    | 2025-11-15    | scRecounter  |        | 2025-11-15 22:55:06.152039 |                 |      | version_1_0 | 
 SRX18378226_SRR22408625_scRecounter_version_1_0 | SRX18378226_SRR22408625 | SRR22408625   | mouse    | 2025-11-13    | scRecounter  |        | 2025-11-13 19:16:33.831694 |                 |      | version_1_0 | 
 SRX18378227_SRR22408624_scRecounter_version_1_0 | SRX18378227_SRR22408624 | SRR22408624   | mouse    | 2025-11-13    | scRecounter  |        | 2025-11-13 19:17:50.112137 |                 |      | version_1_0 | 
 SRX18756614_SRR22796803_scRecounter_version_1_0 | SRX18756614_SRR22796803 | SRR22796803   | mouse    | 2025-11-13    | scRecounter  |        | 2025-11-13 19:19:28.871882 |                 |      | version_1_0 | 
 SRX18756619_SRR22796798_scRecounter_version_1_0 | SRX18756619_SRR22796798 | SRR22796798   | mouse    | 2025-11-13    | scRecounter  |        | 2025-11-13 20:53:15.359469 |                 |      | version_1_0 | 
 SRX18756615_SRR22796802_scRecounter_version_1_0 | SRX18756615_SRR22796802 | SRR22796802   | mouse    | 2025-11-13    | scRecounter  |        | 2025-11-13 20:53:15.43115  |                 |      | version_1_0 | 
 SRX18756618_SRR22796799_scRecounter_version_1_0 | SRX18756618_SRR22796799 | SRR22796799   | mouse    | 2025-11-13    | scRecounter  |        | 2025-11-13 20:53:15.439195 |                 |      | version_1_0 | 
 SRX18756616_SRR22796801_scRecounter_version_1_0 | SRX18756616_SRR22796801 | SRR22796801   | mouse    | 2025-11-13    | scRecounter  |        | 2025-11-13 20:53:15.45273  |                 |      | version_1_0 | 
 SRX18756621_SRR22796796_scRecounter_version_1_0 | SRX18756621_SRR22796796 | SRR22796796   | mouse    | 2025-11-13    | scRecounter  |        | 2025-11-13 20:53:15.520479 |                 |      | version_1_0 | 
 SRX18756617_SRR22796800_scRecounter_version_1_0 | SRX18756617_SRR22796800 | SRR22796800   | mouse    | 2025-11-13    | scRecounter  |        | 2025-11-13 20:53:15.530404 |                 |      | version_1_0 | 
 SRX18756620_SRR22796797_scRecounter_version_1_0 | SRX18756620_SRR22796797 | SRR22796797   | mouse    | 2025-11-13    | scRecounter  |        | 2025-11-13 20:53:15.555679 |                 |      | version_1_0 | 
 SRX18847321_SRR22889351_scRecounter_version_1_0 | SRX18847321_SRR22889351 | SRR22889351   | mouse    | 2025-11-13    | scRecounter  |        | 2025-11-13 20:58:13.460019 |                 |      | version_1_0 | 
 SRX18756622_SRR22796795_scRecounter_version_1_0 | SRX18756622_SRR22796795 | SRR22796795   | mouse    | 2025-11-13    | scRecounter  |        | 2025-11-13 20:58:13.49297  |                 |      | version_1_0 | 
 SRX18756624_SRR22796793_scRecounter_version_1_0 | SRX18756624_SRR22796793 | SRR22796793   | mouse    | 2025-11-13    | scRecounter  |        | 2025-11-13 20:58:13.511266 |                 |      | version_1_0 | 
 SRX18847317_SRR22889355_scRecounter_version_1_0 | SRX18847317_SRR22889355 | SRR22889355   | mouse    | 2025-11-13    | scRecounter  |        | 2025-11-13 20:58:13.516523 |                 |      | version_1_0 | 
 SRX18847322_SRR22889350_scRecounter_version_1_0 | SRX18847322_SRR22889350 | SRR22889350   | mouse    | 2025-11-13    | scRecounter  |        | 2025-11-13 20:58:13.517337 |                 |      | version_1_0 | 
 SRX18847320_SRR22889352_scRecounter_version_1_0 | SRX18847320_SRR22889352 | SRR22889352   | mouse    | 2025-11-13    | scRecounter  |        | 2025-11-13 20:58:13.556414 |                 |      | version_1_0 | 
 SRX18756623_SRR22796794_scRecounter_version_1_0 | SRX18756623_SRR22796794 | SRR22796794   | mouse    | 2025-11-13    | scRecounter  |        | 2025-11-13 20:58:13.567598 |                 |      | version_1_0 | 
 SRX18847318_SRR22889354_scRecounter_version_1_0 | SRX18847318_SRR22889354 | SRR22889354   | mouse    | 2025-11-13    | scRecounter  |        | 2025-11-13 20:58:13.604063 |                 |      | version_1_0 | 
 SRX18847319_SRR22889353_scRecounter_version_1_0 | SRX18847319_SRR22889353 | SRR22889353   | mouse    | 2025-11-13    | scRecounter  |        | 2025-11-13 20:58:13.625925 |                 |      | version_1_0 | 
 SRX18847324_SRR22889348_scRecounter_version_1_0 | SRX18847324_SRR22889348 | SRR22889348   | mouse    | 2025-11-13    | scRecounter  |        | 2025-11-13 21:04:05.010731 |                 |      | version_1_0 | 
 SRX18847323_SRR22889349_scRecounter_version_1_0 | SRX18847323_SRR22889349 | SRR22889349   | mouse    | 2025-11-13    | scRecounter  |        | 2025-11-13 21:04:05.01896  |                 |      | version_1_0 | 
 SRX18847326_SRR22889346_scRecounter_version_1_0 | SRX18847326_SRR22889346 | SRR22889346   | mouse    | 2025-11-13    | scRecounter  |        | 2025-11-13 21:04:05.027504 |                 |      | version_1_0 | 
 SRX18847330_SRR22889342_scRecounter_version_1_0 | SRX18847330_SRR22889342 | SRR22889342   | mouse    | 2025-11-13    | scRecounter  |        | 2025-11-13 21:04:05.039441 |                 |      | version_1_0 | 
 SRX18847325_SRR22889347_scRecounter_version_1_0 | SRX18847325_SRR22889347 | SRR22889347   | mouse    | 2025-11-13    | scRecounter  |        | 2025-11-13 21:04:05.066729 |                 |      | version_1_0 | 
 SRX18847329_SRR22889343_scRecounter_version_1_0 | SRX18847329_SRR22889343 | SRR22889343   | mouse    | 2025-11-13    | scRecounter  |        | 2025-11-13 21:04:05.084651 |                 |      | version_1_0 | 
 SRX18847327_SRR22889345_scRecounter_version_1_0 | SRX18847327_SRR22889345 | SRR22889345   | mouse    | 2025-11-13    | scRecounter  |        | 2025-11-13 21:04:05.12393  |                 |      | version_1_0 | 
 SRX18847331_SRR22889341_scRecounter_version_1_0 | SRX18847331_SRR22889341 | SRR22889341   | mouse    | 2025-11-13    | scRecounter  |        | 2025-11-13 21:04:05.145143 |                 |      | version_1_0 | 
 SRX18847328_SRR22889344_scRecounter_version_1_0 | SRX18847328_SRR22889344 | SRR22889344   | mouse    | 2025-11-13    | scRecounter  |        | 2025-11-13 21:04:05.23494  |                 |      | version_1_0 | 
 SRX18847334_SRR22889335_scRecounter_version_1_0 | SRX18847334_SRR22889335 | SRR22889335   | mouse    | 2025-11-13    | scRecounter  |        | 2025-11-13 21:09:40.572473 |                 |      | version_1_0 | 
 SRX18847312_SRR22889374_scRecounter_version_1_0 | SRX18847312_SRR22889374 | SRR22889374   | mouse    | 2025-11-13    | scRecounter  |        | 2025-11-13 21:09:40.847862 |                 |      | version_1_0 | 
 SRX18847309_SRR22889389_scRecounter_version_1_0 | SRX18847309_SRR22889389 | SRR22889389   | mouse    | 2025-11-13    | scRecounter  |        | 2025-11-13 21:09:40.888817 |                 |      | version_1_0 | 
 SRX18847309_SRR22889388_scRecounter_version_1_0 | SRX18847309_SRR22889388 | SRR22889388   | mouse    | 2025-11-13    | scRecounter  |        | 2025-11-13 21:09:40.909214 |                 |      | version_1_0 | 
 SRX18847310_SRR22889383_scRecounter_version_1_0 | SRX18847310_SRR22889383 | SRR22889383   | mouse    | 2025-11-13    | scRecounter  |        | 2025-11-13 21:09:40.912802 |                 |      | version_1_0 | 
 SRX18847312_SRR22889377_scRecounter_version_1_0 | SRX18847312_SRR22889377 | SRR22889377   | mouse    | 2025-11-13    | scRecounter  |        | 2025-11-13 21:09:40.926994 |                 |      | version_1_0 | 
 SRX18847311_SRR22889380_scRecounter_version_1_0 | SRX18847311_SRR22889380 | SRR22889380   | mouse    | 2025-11-13    | scRecounter  |        | 2025-11-13 21:09:40.926797 |                 |      | version_1_0 | 
 SRX18847311_SRR22889381_scRecounter_version_1_0 | SRX18847311_SRR22889381 | SRR22889381   | mouse    | 2025-11-13    | scRecounter  |        | 2025-11-13 21:09:40.943077 |                 |      | version_1_0 | 
 SRX18847334_SRR22889337_scRecounter_version_1_0 | SRX18847334_SRR22889337 | SRR22889337   | mouse    | 2025-11-13    | scRecounter  |        | 2025-11-13 21:09:40.957945 |                 |      | version_1_0 | 
 SRX18847334_SRR22889336_scRecounter_version_1_0 | SRX18847334_SRR22889336 | SRR22889336   | mouse    | 2025-11-13    | scRecounter  |        | 2025-11-13 21:09:40.95777  |                 |      | version_1_0 | 
 SRX18847310_SRR22889384_scRecounter_version_1_0 | SRX18847310_SRR22889384 | SRR22889384   | mouse    | 2025-11-13    | scRecounter  |        | 2025-11-13 21:09:40.993264 |                 |      | version_1_0 | 
 SRX18847309_SRR22889386_scRecounter_version_1_0 | SRX18847309_SRR22889386 | SRR22889386   | mouse    | 2025-11-13    | scRecounter  |        | 2025-11-13 21:09:40.996666 |                 |      | version_1_0 | 
 SRX18847333_SRR22889339_scRecounter_version_1_0 | SRX18847333_SRR22889339 | SRR22889339   | mouse    | 2025-11-13    | scRecounter  |        | 2025-11-13 21:09:41.006409 |                 |      | version_1_0 | 
 SRX14491936_SRR18356674_scRecounter_version_1_0 | SRX14491936_SRR18356674 | SRR18356674   | mouse    | 2025-11-15    | scRecounter  |        | 2025-11-15 22:55:06.158122 |                 |      | version_1_0 | 
 SRX12501916_SRR16220006_scRecounter_version_1_0 | SRX12501916_SRR16220006 | SRR16220006   | mouse    | 2025-11-16    | scRecounter  |        | 2025-11-16 00:27:54.019885 |                 |      | version_1_0 | 
 SRX18847334_SRR22889338_scRecounter_version_1_0 | SRX18847334_SRR22889338 | SRR22889338   | mouse    | 2025-11-13    | scRecounter  |        | 2025-11-13 21:09:41.017454 |                 |      | version_1_0 | 
 SRX18847311_SRR22889379_scRecounter_version_1_0 | SRX18847311_SRR22889379 | SRR22889379   | mouse    | 2025-11-13    | scRecounter  |        | 2025-11-13 21:09:41.037804 |                 |      | version_1_0 | 
 SRX18847312_SRR22889375_scRecounter_version_1_0 | SRX18847312_SRR22889375 | SRR22889375   | mouse    | 2025-11-13    | scRecounter  |        | 2025-11-13 21:09:41.041328 |                 |      | version_1_0 | 
 SRX18847332_SRR22889340_scRecounter_version_1_0 | SRX18847332_SRR22889340 | SRR22889340   | mouse    | 2025-11-13    | scRecounter  |        | 2025-11-13 21:09:41.047574 |                 |      | version_1_0 | 
 SRX18847309_SRR22889387_scRecounter_version_1_0 | SRX18847309_SRR22889387 | SRR22889387   | mouse    | 2025-11-13    | scRecounter  |        | 2025-11-13 21:09:41.075272 |                 |      | version_1_0 | 
 SRX18847312_SRR22889376_scRecounter_version_1_0 | SRX18847312_SRR22889376 | SRR22889376   | mouse    | 2025-11-13    | scRecounter  |        | 2025-11-13 21:09:41.074986 |                 |      | version_1_0 | 
 SRX18847310_SRR22889385_scRecounter_version_1_0 | SRX18847310_SRR22889385 | SRR22889385   | mouse    | 2025-11-13    | scRecounter  |        | 2025-11-13 21:09:41.100211 |                 |      | version_1_0 | 
 SRX18847310_SRR22889382_scRecounter_version_1_0 | SRX18847310_SRR22889382 | SRR22889382   | mouse    | 2025-11-13    | scRecounter  |        | 2025-11-13 21:09:41.119699 |                 |      | version_1_0 | 
 SRX18847311_SRR22889378_scRecounter_version_1_0 | SRX18847311_SRR22889378 | SRR22889378   | mouse    | 2025-11-13    | scRecounter  |        | 2025-11-13 21:09:41.161463 |                 |      | version_1_0 | 
 SRX18847314_SRR22889369_scRecounter_version_1_0 | SRX18847314_SRR22889369 | SRR22889369   | mouse    | 2025-11-13    | scRecounter  |        | 2025-11-13 21:14:21.01601  |                 |      | version_1_0 | 
 SRX18847313_SRR22889373_scRecounter_version_1_0 | SRX18847313_SRR22889373 | SRR22889373   | mouse    | 2025-11-13    | scRecounter  |        | 2025-11-13 21:14:21.031405 |                 |      | version_1_0 | 
 SRX18847315_SRR22889365_scRecounter_version_1_0 | SRX18847315_SRR22889365 | SRR22889365   | mouse    | 2025-11-13    | scRecounter  |        | 2025-11-13 21:14:21.028866 |                 |      | version_1_0 | 
 SRX17985094_SRR22002706_scRecounter_version_1_0 | SRX17985094_SRR22002706 | SRR22002706   | mouse    | 2025-11-13    | scRecounter  |        | 2025-11-13 21:14:21.04721  |                 |      | version_1_0 | 
 SRX17985090_SRR22002702_scRecounter_version_1_0 | SRX17985090_SRR22002702 | SRR22002702   | mouse    | 2025-11-13    | scRecounter  |        | 2025-11-13 21:14:21.059127 |                 |      | version_1_0 | 
 SRX18847315_SRR22889363_scRecounter_version_1_0 | SRX18847315_SRR22889363 | SRR22889363   | mouse    | 2025-11-13    | scRecounter  |        | 2025-11-13 21:14:21.063331 |                 |      | version_1_0 | 
 SRX18847316_SRR22889358_scRecounter_version_1_0 | SRX18847316_SRR22889358 | SRR22889358   | mouse    | 2025-11-13    | scRecounter  |        | 2025-11-13 21:14:21.067976 |                 |      | version_1_0 | 
 SRX18847315_SRR22889364_scRecounter_version_1_0 | SRX18847315_SRR22889364 | SRR22889364   | mouse    | 2025-11-13    | scRecounter  |        | 2025-11-13 21:14:21.07517  |                 |      | version_1_0 | 
 SRX18847314_SRR22889367_scRecounter_version_1_0 | SRX18847314_SRR22889367 | SRR22889367   | mouse    | 2025-11-13    | scRecounter  |        | 2025-11-13 21:14:21.079248 |                 |      | version_1_0 | 
 SRX18847313_SRR22889371_scRecounter_version_1_0 | SRX18847313_SRR22889371 | SRR22889371   | mouse    | 2025-11-13    | scRecounter  |        | 2025-11-13 21:14:21.09031  |                 |      | version_1_0 | 
 SRX18847314_SRR22889368_scRecounter_version_1_0 | SRX18847314_SRR22889368 | SRR22889368   | mouse    | 2025-11-13    | scRecounter  |        | 2025-11-13 21:14:21.098935 |                 |      | version_1_0 | 
 SRX18847313_SRR22889370_scRecounter_version_1_0 | SRX18847313_SRR22889370 | SRR22889370   | mouse    | 2025-11-13    | scRecounter  |        | 2025-11-13 21:14:21.109303 |                 |      | version_1_0 | 
 SRX17985089_SRR22002701_scRecounter_version_1_0 | SRX17985089_SRR22002701 | SRR22002701   | mouse    | 2025-11-13    | scRecounter  |        | 2025-11-13 21:14:21.113183 |                 |      | version_1_0 | 
 SRX17985092_SRR22002704_scRecounter_version_1_0 | SRX17985092_SRR22002704 | SRR22002704   | mouse    | 2025-11-13    | scRecounter  |        | 2025-11-13 21:14:21.131841 |                 |      | version_1_0 | 
 SRX18847316_SRR22889361_scRecounter_version_1_0 | SRX18847316_SRR22889361 | SRR22889361   | mouse    | 2025-11-13    | scRecounter  |        | 2025-11-13 21:14:21.157852 |                 |      | version_1_0 | 
 SRX18847316_SRR22889360_scRecounter_version_1_0 | SRX18847316_SRR22889360 | SRR22889360   | mouse    | 2025-11-13    | scRecounter  |        | 2025-11-13 21:14:21.18848  |                 |      | version_1_0 | 
 SRX18847314_SRR22889366_scRecounter_version_1_0 | SRX18847314_SRR22889366 | SRR22889366   | mouse    | 2025-11-13    | scRecounter  |        | 2025-11-13 21:14:21.202622 |                 |      | version_1_0 | 
 SRX17985093_SRR22002705_scRecounter_version_1_0 | SRX17985093_SRR22002705 | SRR22002705   | mouse    | 2025-11-13    | scRecounter  |        | 2025-11-13 21:14:21.21567  |                 |      | version_1_0 | 
 SRX17985091_SRR22002703_scRecounter_version_1_0 | SRX17985091_SRR22002703 | SRR22002703   | mouse    | 2025-11-13    | scRecounter  |        | 2025-11-13 21:14:21.232148 |                 |      | version_1_0 | 
 SRX18847316_SRR22889359_scRecounter_version_1_0 | SRX18847316_SRR22889359 | SRR22889359   | mouse    | 2025-11-13    | scRecounter  |        | 2025-11-13 21:14:21.257911 |                 |      | version_1_0 | 
 SRX18847315_SRR22889362_scRecounter_version_1_0 | SRX18847315_SRR22889362 | SRR22889362   | mouse    | 2025-11-13    | scRecounter  |        | 2025-11-13 21:14:21.267282 |                 |      | version_1_0 | 
 SRX18847313_SRR22889372_scRecounter_version_1_0 | SRX18847313_SRR22889372 | SRR22889372   | mouse    | 2025-11-13    | scRecounter  |        | 2025-11-13 21:14:21.278437 |                 |      | version_1_0 | 
 SRX17882367_SRR21895653_scRecounter_version_1_0 | SRX17882367_SRR21895653 | SRR21895653   | mouse    | 2025-11-13    | scRecounter  |        | 2025-11-13 21:22:25.868334 |                 |      | version_1_0 | 
 SRX17882367_SRR21895650_scRecounter_version_1_0 | SRX17882367_SRR21895650 | SRR21895650   | mouse    | 2025-11-13    | scRecounter  |        | 2025-11-13 21:22:25.892184 |                 |      | version_1_0 | 
 SRX17882367_SRR21895651_scRecounter_version_1_0 | SRX17882367_SRR21895651 | SRR21895651   | mouse    | 2025-11-13    | scRecounter  |        | 2025-11-13 21:22:25.943123 |                 |      | version_1_0 | 
 SRX17985095_SRR22002707_scRecounter_version_1_0 | SRX17985095_SRR22002707 | SRR22002707   | mouse    | 2025-11-13    | scRecounter  |        | 2025-11-13 21:22:25.945055 |                 |      | version_1_0 | 
 SRX17882367_SRR21895652_scRecounter_version_1_0 | SRX17882367_SRR21895652 | SRR21895652   | mouse    | 2025-11-13    | scRecounter  |        | 2025-11-13 21:22:25.945641 |                 |      | version_1_0 | 
 SRX17985097_SRR22002709_scRecounter_version_1_0 | SRX17985097_SRR22002709 | SRR22002709   | mouse    | 2025-11-13    | scRecounter  |        | 2025-11-13 21:22:25.977565 |                 |      | version_1_0 | 
 SRX17985096_SRR22002708_scRecounter_version_1_0 | SRX17985096_SRR22002708 | SRR22002708   | mouse    | 2025-11-13    | scRecounter  |        | 2025-11-13 21:22:26.009584 |                 |      | version_1_0 | 
 SRX17985098_SRR22002710_scRecounter_version_1_0 | SRX17985098_SRR22002710 | SRR22002710   | mouse    | 2025-11-13    | scRecounter  |        | 2025-11-13 21:22:26.092395 |                 |      | version_1_0 | 
 SRX18198701_SRR22221050_scRecounter_version_1_0 | SRX18198701_SRR22221050 | SRR22221050   | mouse    | 2025-11-13    | scRecounter  |        | 2025-11-13 21:26:45.105109 |                 |      | version_1_0 | 
 SRX18198702_SRR22221049_scRecounter_version_1_0 | SRX18198702_SRR22221049 | SRR22221049   | mouse    | 2025-11-13    | scRecounter  |        | 2025-11-13 21:26:45.19072  |                 |      | version_1_0 | 
 SRX18198704_SRR22221047_scRecounter_version_1_0 | SRX18198704_SRR22221047 | SRR22221047   | mouse    | 2025-11-13    | scRecounter  |        | 2025-11-13 21:30:29.205072 |                 |      | version_1_0 | 
 SRX18198703_SRR22221048_scRecounter_version_1_0 | SRX18198703_SRR22221048 | SRR22221048   | mouse    | 2025-11-13    | scRecounter  |        | 2025-11-13 21:30:29.262159 |                 |      | version_1_0 | 
 SRX18198705_SRR22221046_scRecounter_version_1_0 | SRX18198705_SRR22221046 | SRR22221046   | mouse    | 2025-11-13    | scRecounter  |        | 2025-11-13 21:34:13.504746 |                 |      | version_1_0 | 
 SRX18198707_SRR22221044_scRecounter_version_1_0 | SRX18198707_SRR22221044 | SRR22221044   | mouse    | 2025-11-13    | scRecounter  |        | 2025-11-13 21:34:13.551064 |                 |      | version_1_0 | 
 SRX18198706_SRR22221045_scRecounter_version_1_0 | SRX18198706_SRR22221045 | SRR22221045   | mouse    | 2025-11-13    | scRecounter  |        | 2025-11-13 21:34:13.669796 |                 |      | version_1_0 | 
 SRX14491939_SRR18356671_scRecounter_version_1_0 | SRX14491939_SRR18356671 | SRR18356671   | mouse    | 2025-11-15    | scRecounter  |        | 2025-11-15 22:55:06.159515 |                 |      | version_1_0 | 
 SRX18243512_SRR22267353_scRecounter_version_1_0 | SRX18243512_SRR22267353 | SRR22267353   | mouse    | 2025-11-13    | scRecounter  |        | 2025-11-13 21:38:23.019971 |                 |      | version_1_0 | 
 SRX18198709_SRR22221042_scRecounter_version_1_0 | SRX18198709_SRR22221042 | SRR22221042   | mouse    | 2025-11-13    | scRecounter  |        | 2025-11-13 21:38:23.02804  |                 |      | version_1_0 | 
 SRX18243514_SRR22267351_scRecounter_version_1_0 | SRX18243514_SRR22267351 | SRR22267351   | mouse    | 2025-11-13    | scRecounter  |        | 2025-11-13 21:38:23.044358 |                 |      | version_1_0 | 
 SRX18243511_SRR22267354_scRecounter_version_1_0 | SRX18243511_SRR22267354 | SRR22267354   | mouse    | 2025-11-13    | scRecounter  |        | 2025-11-13 21:38:23.056575 |                 |      | version_1_0 | 
 SRX18243513_SRR22267352_scRecounter_version_1_0 | SRX18243513_SRR22267352 | SRR22267352   | mouse    | 2025-11-13    | scRecounter  |        | 2025-11-13 21:38:23.096529 |                 |      | version_1_0 | 
 SRX18243518_SRR22267347_scRecounter_version_1_0 | SRX18243518_SRR22267347 | SRR22267347   | mouse    | 2025-11-13    | scRecounter  |        | 2025-11-13 23:13:23.449591 |                 |      | version_1_0 | 
 SRX18243520_SRR22267345_scRecounter_version_1_0 | SRX18243520_SRR22267345 | SRR22267345   | mouse    | 2025-11-13    | scRecounter  |        | 2025-11-13 23:13:23.503181 |                 |      | version_1_0 | 
 SRX18243517_SRR22267348_scRecounter_version_1_0 | SRX18243517_SRR22267348 | SRR22267348   | mouse    | 2025-11-13    | scRecounter  |        | 2025-11-13 23:13:23.540029 |                 |      | version_1_0 | 
 SRX18243516_SRR22267349_scRecounter_version_1_0 | SRX18243516_SRR22267349 | SRR22267349   | mouse    | 2025-11-13    | scRecounter  |        | 2025-11-13 23:13:23.549326 |                 |      | version_1_0 | 
 SRX18243515_SRR22267350_scRecounter_version_1_0 | SRX18243515_SRR22267350 | SRR22267350   | mouse    | 2025-11-13    | scRecounter  |        | 2025-11-13 23:13:23.553742 |                 |      | version_1_0 | 
 SRX18243519_SRR22267346_scRecounter_version_1_0 | SRX18243519_SRR22267346 | SRR22267346   | mouse    | 2025-11-13    | scRecounter  |        | 2025-11-13 23:13:23.623979 |                 |      | version_1_0 | 
 SRX18243521_SRR22267344_scRecounter_version_1_0 | SRX18243521_SRR22267344 | SRR22267344   | mouse    | 2025-11-13    | scRecounter  |        | 2025-11-13 23:17:52.749174 |                 |      | version_1_0 | 
 SRX18243525_SRR22267340_scRecounter_version_1_0 | SRX18243525_SRR22267340 | SRR22267340   | mouse    | 2025-11-13    | scRecounter  |        | 2025-11-13 23:17:52.756217 |                 |      | version_1_0 | 
 SRX18243522_SRR22267343_scRecounter_version_1_0 | SRX18243522_SRR22267343 | SRR22267343   | mouse    | 2025-11-13    | scRecounter  |        | 2025-11-13 23:17:52.817937 |                 |      | version_1_0 | 
 SRX18258541_SRR22284428_scRecounter_version_1_0 | SRX18258541_SRR22284428 | SRR22284428   | mouse    | 2025-11-13    | scRecounter  |        | 2025-11-13 23:17:52.821297 |                 |      | version_1_0 | 
 SRX18243523_SRR22267342_scRecounter_version_1_0 | SRX18243523_SRR22267342 | SRR22267342   | mouse    | 2025-11-13    | scRecounter  |        | 2025-11-13 23:17:52.840986 |                 |      | version_1_0 | 
 SRX18243524_SRR22267341_scRecounter_version_1_0 | SRX18243524_SRR22267341 | SRR22267341   | mouse    | 2025-11-13    | scRecounter  |        | 2025-11-13 23:17:52.909914 |                 |      | version_1_0 | 
 SRX18258543_SRR22284426_scRecounter_version_1_0 | SRX18258543_SRR22284426 | SRR22284426   | mouse    | 2025-11-13    | scRecounter  |        | 2025-11-13 23:22:22.384442 |                 |      | version_1_0 | 
 SRX18258542_SRR22284427_scRecounter_version_1_0 | SRX18258542_SRR22284427 | SRR22284427   | mouse    | 2025-11-13    | scRecounter  |        | 2025-11-13 23:22:22.396464 |                 |      | version_1_0 | 
 SRX18258546_SRR22284423_scRecounter_version_1_0 | SRX18258546_SRR22284423 | SRR22284423   | mouse    | 2025-11-13    | scRecounter  |        | 2025-11-13 23:22:22.452063 |                 |      | version_1_0 | 
 SRX18258545_SRR22284424_scRecounter_version_1_0 | SRX18258545_SRR22284424 | SRR22284424   | mouse    | 2025-11-13    | scRecounter  |        | 2025-11-13 23:22:22.454864 |                 |      | version_1_0 | 
 SRX18258544_SRR22284425_scRecounter_version_1_0 | SRX18258544_SRR22284425 | SRR22284425   | mouse    | 2025-11-13    | scRecounter  |        | 2025-11-13 23:22:22.565522 |                 |      | version_1_0 | 
 SRX17294271_SRR21284982_scRecounter_version_1_0 | SRX17294271_SRR21284982 | SRR21284982   | mouse    | 2025-11-13    | scRecounter  |        | 2025-11-13 23:25:56.840198 |                 |      | version_1_0 | 
 SRX17294273_SRR21284980_scRecounter_version_1_0 | SRX17294273_SRR21284980 | SRR21284980   | mouse    | 2025-11-13    | scRecounter  |        | 2025-11-13 23:25:56.902809 |                 |      | version_1_0 | 
 SRX17294272_SRR21284981_scRecounter_version_1_0 | SRX17294272_SRR21284981 | SRR21284981   | mouse    | 2025-11-13    | scRecounter  |        | 2025-11-13 23:25:56.958929 |                 |      | version_1_0 | 
 SRX17360128_SRR21352038_scRecounter_version_1_0 | SRX17360128_SRR21352038 | SRR21352038   | mouse    | 2025-11-13    | scRecounter  |        | 2025-11-13 23:29:08.717984 |                 |      | version_1_0 | 
 SRX17360130_SRR21352021_scRecounter_version_1_0 | SRX17360130_SRR21352021 | SRR21352021   | mouse    | 2025-11-13    | scRecounter  |        | 2025-11-13 23:29:08.745585 |                 |      | version_1_0 | 
 SRX17360133_SRR21352009_scRecounter_version_1_0 | SRX17360133_SRR21352009 | SRR21352009   | mouse    | 2025-11-13    | scRecounter  |        | 2025-11-13 23:29:08.747964 |                 |      | version_1_0 | 
 SRX17360128_SRR21352032_scRecounter_version_1_0 | SRX17360128_SRR21352032 | SRR21352032   | mouse    | 2025-11-13    | scRecounter  |        | 2025-11-13 23:29:08.759119 |                 |      | version_1_0 | 
 SRX17360132_SRR21352011_scRecounter_version_1_0 | SRX17360132_SRR21352011 | SRR21352011   | mouse    | 2025-11-13    | scRecounter  |        | 2025-11-13 23:29:08.763602 |                 |      | version_1_0 | 
 SRX17360135_SRR21351994_scRecounter_version_1_0 | SRX17360135_SRR21351994 | SRR21351994   | mouse    | 2025-11-13    | scRecounter  |        | 2025-11-13 23:29:08.788513 |                 |      | version_1_0 | 
 SRX17360131_SRR21352015_scRecounter_version_1_0 | SRX17360131_SRR21352015 | SRR21352015   | mouse    | 2025-11-13    | scRecounter  |        | 2025-11-13 23:29:08.80589  |                 |      | version_1_0 | 
 SRX14491938_SRR18356672_scRecounter_version_1_0 | SRX14491938_SRR18356672 | SRR18356672   | mouse    | 2025-11-15    | scRecounter  |        | 2025-11-15 22:55:06.162623 |                 |      | version_1_0 | 
 SRX12501916_SRR16220007_scRecounter_version_1_0 | SRX12501916_SRR16220007 | SRR16220007   | mouse    | 2025-11-16    | scRecounter  |        | 2025-11-16 00:27:54.020497 |                 |      | version_1_0 | 
 SRX12501916_SRR16220012_scRecounter_version_1_0 | SRX12501916_SRR16220012 | SRR16220012   | mouse    | 2025-11-16    | scRecounter  |        | 2025-11-16 00:27:54.228248 |                 |      | version_1_0 | 
 SRX12438811_SRR16153981_scRecounter_version_1_0 | SRX12438811_SRR16153981 | SRR16153981   | mouse    | 2025-11-16    | scRecounter  |        | 2025-11-16 00:27:54.429502 |                 |      | version_1_0 | 
 SRX12438808_SRR16153976_scRecounter_version_1_0 | SRX12438808_SRR16153976 | SRR16153976   | mouse    | 2025-11-16    | scRecounter  |        | 2025-11-16 00:27:54.624955 |                 |      | version_1_0 | 
 SRX17360130_SRR21352019_scRecounter_version_1_0 | SRX17360130_SRR21352019 | SRR21352019   | mouse    | 2025-11-13    | scRecounter  |        | 2025-11-13 23:29:08.825489 |                 |      | version_1_0 | 
 SRX17360134_SRR21351998_scRecounter_version_1_0 | SRX17360134_SRR21351998 | SRR21351998   | mouse    | 2025-11-13    | scRecounter  |        | 2025-11-13 23:29:08.834723 |                 |      | version_1_0 | 
 SRX17360135_SRR21351996_scRecounter_version_1_0 | SRX17360135_SRR21351996 | SRR21351996   | mouse    | 2025-11-13    | scRecounter  |        | 2025-11-13 23:29:08.837233 |                 |      | version_1_0 | 
 SRX17360129_SRR21352023_scRecounter_version_1_0 | SRX17360129_SRR21352023 | SRR21352023   | mouse    | 2025-11-13    | scRecounter  |        | 2025-11-13 23:29:08.83928  |                 |      | version_1_0 | 
 SRX17360128_SRR21352034_scRecounter_version_1_0 | SRX17360128_SRR21352034 | SRR21352034   | mouse    | 2025-11-13    | scRecounter  |        | 2025-11-13 23:29:08.840977 |                 |      | version_1_0 | 
 SRX17360134_SRR21352002_scRecounter_version_1_0 | SRX17360134_SRR21352002 | SRR21352002   | mouse    | 2025-11-13    | scRecounter  |        | 2025-11-13 23:29:08.858937 |                 |      | version_1_0 | 
 SRX17360129_SRR21352030_scRecounter_version_1_0 | SRX17360129_SRR21352030 | SRR21352030   | mouse    | 2025-11-13    | scRecounter  |        | 2025-11-13 23:29:08.877819 |                 |      | version_1_0 | 
 SRX17294274_SRR21284979_scRecounter_version_1_0 | SRX17294274_SRR21284979 | SRR21284979   | mouse    | 2025-11-13    | scRecounter  |        | 2025-11-13 23:29:08.895675 |                 |      | version_1_0 | 
 SRX17360134_SRR21352000_scRecounter_version_1_0 | SRX17360134_SRR21352000 | SRR21352000   | mouse    | 2025-11-13    | scRecounter  |        | 2025-11-13 23:29:08.902353 |                 |      | version_1_0 | 
 SRX17360131_SRR21352017_scRecounter_version_1_0 | SRX17360131_SRR21352017 | SRR21352017   | mouse    | 2025-11-13    | scRecounter  |        | 2025-11-13 23:29:08.907079 |                 |      | version_1_0 | 
 SRX17360132_SRR21352013_scRecounter_version_1_0 | SRX17360132_SRR21352013 | SRR21352013   | mouse    | 2025-11-13    | scRecounter  |        | 2025-11-13 23:29:08.947481 |                 |      | version_1_0 | 
 SRX17360129_SRR21352025_scRecounter_version_1_0 | SRX17360129_SRR21352025 | SRR21352025   | mouse    | 2025-11-13    | scRecounter  |        | 2025-11-13 23:29:08.970206 |                 |      | version_1_0 | 
 SRX17360133_SRR21352007_scRecounter_version_1_0 | SRX17360133_SRR21352007 | SRR21352007   | mouse    | 2025-11-13    | scRecounter  |        | 2025-11-13 23:29:08.976085 |                 |      | version_1_0 | 
 SRX17360129_SRR21352027_scRecounter_version_1_0 | SRX17360129_SRR21352027 | SRR21352027   | mouse    | 2025-11-13    | scRecounter  |        | 2025-11-13 23:29:08.98972  |                 |      | version_1_0 | 
 SRX17360134_SRR21352004_scRecounter_version_1_0 | SRX17360134_SRR21352004 | SRR21352004   | mouse    | 2025-11-13    | scRecounter  |        | 2025-11-13 23:29:09.002586 |                 |      | version_1_0 | 
 SRX17360128_SRR21352036_scRecounter_version_1_0 | SRX17360128_SRR21352036 | SRR21352036   | mouse    | 2025-11-13    | scRecounter  |        | 2025-11-13 23:29:09.013792 |                 |      | version_1_0 | 
 SRX17403294_SRR21398074_scRecounter_version_1_0 | SRX17403294_SRR21398074 | SRR21398074   | mouse    | 2025-11-13    | scRecounter  |        | 2025-11-13 23:35:16.407127 |                 |      | version_1_0 | 
 SRX17403295_SRR21398076_scRecounter_version_1_0 | SRX17403295_SRR21398076 | SRR21398076   | mouse    | 2025-11-13    | scRecounter  |        | 2025-11-13 23:37:05.776621 |                 |      | version_1_0 | 
 SRX17403295_SRR21398075_scRecounter_version_1_0 | SRX17403295_SRR21398075 | SRR21398075   | mouse    | 2025-11-13    | scRecounter  |        | 2025-11-13 23:37:05.849699 |                 |      | version_1_0 | 
 SRX17403295_SRR21398070_scRecounter_version_1_0 | SRX17403295_SRR21398070 | SRR21398070   | mouse    | 2025-11-13    | scRecounter  |        | 2025-11-13 23:37:05.863835 |                 |      | version_1_0 | 
 SRX17403295_SRR21398077_scRecounter_version_1_0 | SRX17403295_SRR21398077 | SRR21398077   | mouse    | 2025-11-13    | scRecounter  |        | 2025-11-13 23:37:05.969532 |                 |      | version_1_0 | 
 SRX17403296_SRR21398071_scRecounter_version_1_0 | SRX17403296_SRR21398071 | SRR21398071   | mouse    | 2025-11-13    | scRecounter  |        | 2025-11-13 23:38:54.935991 |                 |      | version_1_0 | 
 SRX17403296_SRR21398073_scRecounter_version_1_0 | SRX17403296_SRR21398073 | SRR21398073   | mouse    | 2025-11-13    | scRecounter  |        | 2025-11-13 23:38:54.991139 |                 |      | version_1_0 | 
 SRX17403296_SRR21398066_scRecounter_version_1_0 | SRX17403296_SRR21398066 | SRR21398066   | mouse    | 2025-11-13    | scRecounter  |        | 2025-11-13 23:38:55.003849 |                 |      | version_1_0 | 
 SRX17403296_SRR21398072_scRecounter_version_1_0 | SRX17403296_SRR21398072 | SRR21398072   | mouse    | 2025-11-13    | scRecounter  |        | 2025-11-13 23:38:55.072864 |                 |      | version_1_0 | 
 SRX17403297_SRR21398067_scRecounter_version_1_0 | SRX17403297_SRR21398067 | SRR21398067   | mouse    | 2025-11-13    | scRecounter  |        | 2025-11-13 23:40:41.671369 |                 |      | version_1_0 | 
 SRX17403297_SRR21398069_scRecounter_version_1_0 | SRX17403297_SRR21398069 | SRR21398069   | mouse    | 2025-11-13    | scRecounter  |        | 2025-11-13 23:40:41.720934 |                 |      | version_1_0 | 
 SRX17403297_SRR21398062_scRecounter_version_1_0 | SRX17403297_SRR21398062 | SRR21398062   | mouse    | 2025-11-13    | scRecounter  |        | 2025-11-13 23:40:41.737434 |                 |      | version_1_0 | 
 SRX17403297_SRR21398068_scRecounter_version_1_0 | SRX17403297_SRR21398068 | SRR21398068   | mouse    | 2025-11-13    | scRecounter  |        | 2025-11-13 23:40:41.774432 |                 |      | version_1_0 | 
 SRX17403301_SRR21398063_scRecounter_version_1_0 | SRX17403301_SRR21398063 | SRR21398063   | mouse    | 2025-11-13    | scRecounter  |        | 2025-11-13 23:42:27.806634 |                 |      | version_1_0 | 
 SRX17403301_SRR21398065_scRecounter_version_1_0 | SRX17403301_SRR21398065 | SRR21398065   | mouse    | 2025-11-13    | scRecounter  |        | 2025-11-13 23:42:27.840247 |                 |      | version_1_0 | 
 SRX17403301_SRR21398064_scRecounter_version_1_0 | SRX17403301_SRR21398064 | SRR21398064   | mouse    | 2025-11-13    | scRecounter  |        | 2025-11-13 23:42:27.844046 |                 |      | version_1_0 | 
 SRX17403301_SRR21398049_scRecounter_version_1_0 | SRX17403301_SRR21398049 | SRR21398049   | mouse    | 2025-11-13    | scRecounter  |        | 2025-11-13 23:42:27.943832 |                 |      | version_1_0 | 
 SRX17403298_SRR21398058_scRecounter_version_1_0 | SRX17403298_SRR21398058 | SRR21398058   | mouse    | 2025-11-13    | scRecounter  |        | 2025-11-13 23:44:16.15196  |                 |      | version_1_0 | 
 SRX17403298_SRR21398059_scRecounter_version_1_0 | SRX17403298_SRR21398059 | SRR21398059   | mouse    | 2025-11-13    | scRecounter  |        | 2025-11-13 23:44:16.191558 |                 |      | version_1_0 | 
 SRX17403298_SRR21398060_scRecounter_version_1_0 | SRX17403298_SRR21398060 | SRR21398060   | mouse    | 2025-11-13    | scRecounter  |        | 2025-11-13 23:44:16.20926  |                 |      | version_1_0 | 
 SRX17403298_SRR21398061_scRecounter_version_1_0 | SRX17403298_SRR21398061 | SRR21398061   | mouse    | 2025-11-13    | scRecounter  |        | 2025-11-13 23:44:16.314366 |                 |      | version_1_0 | 
 SRX17403299_SRR21398054_scRecounter_version_1_0 | SRX17403299_SRR21398054 | SRR21398054   | mouse    | 2025-11-13    | scRecounter  |        | 2025-11-13 23:46:05.198462 |                 |      | version_1_0 | 
 SRX17403299_SRR21398055_scRecounter_version_1_0 | SRX17403299_SRR21398055 | SRR21398055   | mouse    | 2025-11-13    | scRecounter  |        | 2025-11-13 23:46:05.20382  |                 |      | version_1_0 | 
 SRX17403299_SRR21398056_scRecounter_version_1_0 | SRX17403299_SRR21398056 | SRR21398056   | mouse    | 2025-11-13    | scRecounter  |        | 2025-11-13 23:46:05.276659 |                 |      | version_1_0 | 
 SRX17403299_SRR21398057_scRecounter_version_1_0 | SRX17403299_SRR21398057 | SRR21398057   | mouse    | 2025-11-13    | scRecounter  |        | 2025-11-13 23:46:05.360935 |                 |      | version_1_0 | 
 SRX17403300_SRR21398053_scRecounter_version_1_0 | SRX17403300_SRR21398053 | SRR21398053   | mouse    | 2025-11-13    | scRecounter  |        | 2025-11-13 23:47:53.058289 |                 |      | version_1_0 | 
 SRX17403300_SRR21398050_scRecounter_version_1_0 | SRX17403300_SRR21398050 | SRR21398050   | mouse    | 2025-11-13    | scRecounter  |        | 2025-11-13 23:47:53.061221 |                 |      | version_1_0 | 
 SRX17403300_SRR21398051_scRecounter_version_1_0 | SRX17403300_SRR21398051 | SRR21398051   | mouse    | 2025-11-13    | scRecounter  |        | 2025-11-13 23:47:53.073706 |                 |      | version_1_0 | 
 SRX17403300_SRR21398052_scRecounter_version_1_0 | SRX17403300_SRR21398052 | SRR21398052   | mouse    | 2025-11-13    | scRecounter  |        | 2025-11-13 23:47:53.099189 |                 |      | version_1_0 | 
 SRX14491949_SRR18356661_scRecounter_version_1_0 | SRX14491949_SRR18356661 | SRR18356661   | mouse    | 2025-11-15    | scRecounter  |        | 2025-11-15 22:55:06.164033 |                 |      | version_1_0 | 
 SRX17596334_SRR21594695_scRecounter_version_1_0 | SRX17596334_SRR21594695 | SRR21594695   | mouse    | 2025-11-14    | scRecounter  |        | 2025-11-14 00:40:13.81211  |                 |      | version_1_0 | 
 SRX17596335_SRR21594694_scRecounter_version_1_0 | SRX17596335_SRR21594694 | SRR21594694   | mouse    | 2025-11-14    | scRecounter  |        | 2025-11-14 00:41:51.128227 |                 |      | version_1_0 | 
 SRX17596336_SRR21594693_scRecounter_version_1_0 | SRX17596336_SRR21594693 | SRR21594693   | mouse    | 2025-11-14    | scRecounter  |        | 2025-11-14 00:41:51.142575 |                 |      | version_1_0 | 
 SRX17596337_SRR21594692_scRecounter_version_1_0 | SRX17596337_SRR21594692 | SRR21594692   | mouse    | 2025-11-14    | scRecounter  |        | 2025-11-14 00:41:51.194407 |                 |      | version_1_0 | 
 SRX17596339_SRR21594690_scRecounter_version_1_0 | SRX17596339_SRR21594690 | SRR21594690   | mouse    | 2025-11-14    | scRecounter  |        | 2025-11-14 00:44:49.285509 |                 |      | version_1_0 | 
 SRX17596338_SRR21594691_scRecounter_version_1_0 | SRX17596338_SRR21594691 | SRR21594691   | mouse    | 2025-11-14    | scRecounter  |        | 2025-11-14 00:44:49.35577  |                 |      | version_1_0 | 
 SRX17596342_SRR21594687_scRecounter_version_1_0 | SRX17596342_SRR21594687 | SRR21594687   | mouse    | 2025-11-14    | scRecounter  |        | 2025-11-14 00:46:57.993477 |                 |      | version_1_0 | 
 SRX17596340_SRR21594689_scRecounter_version_1_0 | SRX17596340_SRR21594689 | SRR21594689   | mouse    | 2025-11-14    | scRecounter  |        | 2025-11-14 00:46:58.034125 |                 |      | version_1_0 | 
 SRX17596341_SRR21594688_scRecounter_version_1_0 | SRX17596341_SRR21594688 | SRR21594688   | mouse    | 2025-11-14    | scRecounter  |        | 2025-11-14 00:46:58.16837  |                 |      | version_1_0 | 
 SRX17596343_SRR21594686_scRecounter_version_1_0 | SRX17596343_SRR21594686 | SRR21594686   | mouse    | 2025-11-14    | scRecounter  |        | 2025-11-14 00:50:00.084327 |                 |      | version_1_0 | 
 SRX17717807_SRR21720733_scRecounter_version_1_0 | SRX17717807_SRR21720733 | SRR21720733   | mouse    | 2025-11-14    | scRecounter  |        | 2025-11-14 03:09:21.297911 |                 |      | version_1_0 | 
 SRX17717807_SRR21720734_scRecounter_version_1_0 | SRX17717807_SRR21720734 | SRR21720734   | mouse    | 2025-11-14    | scRecounter  |        | 2025-11-14 03:09:21.401924 |                 |      | version_1_0 | 
 SRX17717809_SRR21720735_scRecounter_version_1_0 | SRX17717809_SRR21720735 | SRR21720735   | mouse    | 2025-11-14    | scRecounter  |        | 2025-11-14 03:11:03.082367 |                 |      | version_1_0 | 
 SRX17717809_SRR21720730_scRecounter_version_1_0 | SRX17717809_SRR21720730 | SRR21720730   | mouse    | 2025-11-14    | scRecounter  |        | 2025-11-14 03:11:03.157868 |                 |      | version_1_0 | 
 SRX14491940_SRR18356670_scRecounter_version_1_0 | SRX14491940_SRR18356670 | SRR18356670   | mouse    | 2025-11-15    | scRecounter  |        | 2025-11-15 22:55:06.166872 |                 |      | version_1_0 | 
 SRX12438810_SRR16153988_scRecounter_version_1_0 | SRX12438810_SRR16153988 | SRR16153988   | mouse    | 2025-11-16    | scRecounter  |        | 2025-11-16 00:27:53.514624 |                 |      | version_1_0 | 
 SRX15115114_SRR19042376_scRecounter_version_1_0 | SRX15115114_SRR19042376 | SRR19042376   | mouse    | 2025-11-14    | scRecounter  |        | 2025-11-14 13:32:29.735126 |                 |      | version_1_0 | 
 SRX15115115_SRR19042362_scRecounter_version_1_0 | SRX15115115_SRR19042362 | SRR19042362   | mouse    | 2025-11-14    | scRecounter  |        | 2025-11-14 13:32:29.822171 |                 |      | version_1_0 | 
 SRX15115116_SRR19042348_scRecounter_version_1_0 | SRX15115116_SRR19042348 | SRR19042348   | mouse    | 2025-11-14    | scRecounter  |        | 2025-11-14 13:32:30.001254 |                 |      | version_1_0 | 
 SRX15115117_SRR19042345_scRecounter_version_1_0 | SRX15115117_SRR19042345 | SRR19042345   | mouse    | 2025-11-14    | scRecounter  |        | 2025-11-14 13:32:30.002013 |                 |      | version_1_0 | 
 SRX15115116_SRR19042355_scRecounter_version_1_0 | SRX15115116_SRR19042355 | SRR19042355   | mouse    | 2025-11-14    | scRecounter  |        | 2025-11-14 13:32:30.021615 |                 |      | version_1_0 | 
 SRX15115114_SRR19042369_scRecounter_version_1_0 | SRX15115114_SRR19042369 | SRR19042369   | mouse    | 2025-11-14    | scRecounter  |        | 2025-11-14 13:32:30.035257 |                 |      | version_1_0 | 
 SRX15115114_SRR19042372_scRecounter_version_1_0 | SRX15115114_SRR19042372 | SRR19042372   | mouse    | 2025-11-14    | scRecounter  |        | 2025-11-14 13:32:30.0457   |                 |      | version_1_0 | 
 SRX15115117_SRR19042339_scRecounter_version_1_0 | SRX15115117_SRR19042339 | SRR19042339   | mouse    | 2025-11-14    | scRecounter  |        | 2025-11-14 13:32:30.085067 |                 |      | version_1_0 | 
 SRX15115115_SRR19042366_scRecounter_version_1_0 | SRX15115115_SRR19042366 | SRR19042366   | mouse    | 2025-11-14    | scRecounter  |        | 2025-11-14 13:32:30.128942 |                 |      | version_1_0 | 
 SRX14491946_SRR18356664_scRecounter_version_1_0 | SRX14491946_SRR18356664 | SRR18356664   | mouse    | 2025-11-15    | scRecounter  |        | 2025-11-15 22:55:06.173402 |                 |      | version_1_0 | 
 SRX12438804_SRR16153961_scRecounter_version_1_0 | SRX12438804_SRR16153961 | SRR16153961   | mouse    | 2025-11-16    | scRecounter  |        | 2025-11-16 00:27:53.613618 |                 |      | version_1_0 | 
 SRX12438804_SRR16153960_scRecounter_version_1_0 | SRX12438804_SRR16153960 | SRR16153960   | mouse    | 2025-11-16    | scRecounter  |        | 2025-11-16 00:27:54.043061 |                 |      | version_1_0 | 
 SRX12501916_SRR16220009_scRecounter_version_1_0 | SRX12501916_SRR16220009 | SRR16220009   | mouse    | 2025-11-16    | scRecounter  |        | 2025-11-16 00:27:54.229568 |                 |      | version_1_0 | 
 SRX12438811_SRR16153977_scRecounter_version_1_0 | SRX12438811_SRR16153977 | SRR16153977   | mouse    | 2025-11-16    | scRecounter  |        | 2025-11-16 00:27:54.439424 |                 |      | version_1_0 | 
 SRX12438812_SRR16153985_scRecounter_version_1_0 | SRX12438812_SRR16153985 | SRR16153985   | mouse    | 2025-11-16    | scRecounter  |        | 2025-11-16 00:27:54.623144 |                 |      | version_1_0 | 
 SRX12501918_SRR16220039_scRecounter_version_1_0 | SRX12501918_SRR16220039 | SRR16220039   | mouse    | 2025-11-16    | scRecounter  |        | 2025-11-16 00:56:30.902242 |                 |      | version_1_0 | 
 SRX12501918_SRR16220040_scRecounter_version_1_0 | SRX12501918_SRR16220040 | SRR16220040   | mouse    | 2025-11-16    | scRecounter  |        | 2025-11-16 00:56:31.149997 |                 |      | version_1_0 | 
 SRX12501917_SRR16220017_scRecounter_version_1_0 | SRX12501917_SRR16220017 | SRR16220017   | mouse    | 2025-11-16    | scRecounter  |        | 2025-11-16 00:56:31.316829 |                 |      | version_1_0 | 
 SRX12501917_SRR16220027_scRecounter_version_1_0 | SRX12501917_SRR16220027 | SRR16220027   | mouse    | 2025-11-16    | scRecounter  |        | 2025-11-16 00:56:31.42892  |                 |      | version_1_0 | 
 SRX12501919_SRR16219989_scRecounter_version_1_0 | SRX12501919_SRR16219989 | SRR16219989   | mouse    | 2025-11-16    | scRecounter  |        | 2025-11-16 00:56:31.469381 |                 |      | version_1_0 | 
 SRX12501919_SRR16219995_scRecounter_version_1_0 | SRX12501919_SRR16219995 | SRR16219995   | mouse    | 2025-11-16    | scRecounter  |        | 2025-11-16 00:56:31.509639 |                 |      | version_1_0 | 
 SRX12501917_SRR16220026_scRecounter_version_1_0 | SRX12501917_SRR16220026 | SRR16220026   | mouse    | 2025-11-16    | scRecounter  |        | 2025-11-16 00:56:31.656004 |                 |      | version_1_0 | 
 SRX12501918_SRR16220031_scRecounter_version_1_0 | SRX12501918_SRR16220031 | SRR16220031   | mouse    | 2025-11-16    | scRecounter  |        | 2025-11-16 00:56:31.732041 |                 |      | version_1_0 | 
 SRX15115115_SRR19042359_scRecounter_version_1_0 | SRX15115115_SRR19042359 | SRR19042359   | mouse    | 2025-11-14    | scRecounter  |        | 2025-11-14 13:32:30.182768 |                 |      | version_1_0 | 
 SRX15115117_SRR19042342_scRecounter_version_1_0 | SRX15115117_SRR19042342 | SRR19042342   | mouse    | 2025-11-14    | scRecounter  |        | 2025-11-14 13:32:30.184648 |                 |      | version_1_0 | 
 SRX15115116_SRR19042352_scRecounter_version_1_0 | SRX15115116_SRR19042352 | SRR19042352   | mouse    | 2025-11-14    | scRecounter  |        | 2025-11-14 13:32:30.251725 |                 |      | version_1_0 | 
 SRX15115120_SRR19042311_scRecounter_version_1_0 | SRX15115120_SRR19042311 | SRR19042311   | mouse    | 2025-11-14    | scRecounter  |        | 2025-11-14 14:37:42.292027 |                 |      | version_1_0 | 
 SRX15115122_SRR19042299_scRecounter_version_1_0 | SRX15115122_SRR19042299 | SRR19042299   | mouse    | 2025-11-14    | scRecounter  |        | 2025-11-14 14:37:42.452157 |                 |      | version_1_0 | 
 SRX15115118_SRR19042336_scRecounter_version_1_0 | SRX15115118_SRR19042336 | SRR19042336   | mouse    | 2025-11-14    | scRecounter  |        | 2025-11-14 14:37:42.53959  |                 |      | version_1_0 | 
 SRX15115123_SRR19042291_scRecounter_version_1_0 | SRX15115123_SRR19042291 | SRR19042291   | mouse    | 2025-11-14    | scRecounter  |        | 2025-11-14 14:37:42.584367 |                 |      | version_1_0 | 
 SRX15115124_SRR19042285_scRecounter_version_1_0 | SRX15115124_SRR19042285 | SRR19042285   | mouse    | 2025-11-14    | scRecounter  |        | 2025-11-14 14:37:42.651639 |                 |      | version_1_0 | 
 SRX15115127_SRR19042266_scRecounter_version_1_0 | SRX15115127_SRR19042266 | SRR19042266   | mouse    | 2025-11-14    | scRecounter  |        | 2025-11-14 14:37:42.685364 |                 |      | version_1_0 | 
 SRX15115121_SRR19042302_scRecounter_version_1_0 | SRX15115121_SRR19042302 | SRR19042302   | mouse    | 2025-11-14    | scRecounter  |        | 2025-11-14 14:37:42.698175 |                 |      | version_1_0 | 
 SRX15115118_SRR19042330_scRecounter_version_1_0 | SRX15115118_SRR19042330 | SRR19042330   | mouse    | 2025-11-14    | scRecounter  |        | 2025-11-14 14:37:42.718481 |                 |      | version_1_0 | 
 SRX15115119_SRR19042324_scRecounter_version_1_0 | SRX15115119_SRR19042324 | SRR19042324   | mouse    | 2025-11-14    | scRecounter  |        | 2025-11-14 14:37:42.742944 |                 |      | version_1_0 | 
 SRX15115119_SRR19042327_scRecounter_version_1_0 | SRX15115119_SRR19042327 | SRR19042327   | mouse    | 2025-11-14    | scRecounter  |        | 2025-11-14 14:37:42.75825  |                 |      | version_1_0 | 
 SRX15115127_SRR19042268_scRecounter_version_1_0 | SRX15115127_SRR19042268 | SRR19042268   | mouse    | 2025-11-14    | scRecounter  |        | 2025-11-14 14:37:42.770782 |                 |      | version_1_0 | 
 SRX15115120_SRR19042317_scRecounter_version_1_0 | SRX15115120_SRR19042317 | SRR19042317   | mouse    | 2025-11-14    | scRecounter  |        | 2025-11-14 14:37:42.799055 |                 |      | version_1_0 | 
 SRX15115119_SRR19042321_scRecounter_version_1_0 | SRX15115119_SRR19042321 | SRR19042321   | mouse    | 2025-11-14    | scRecounter  |        | 2025-11-14 14:37:42.810693 |                 |      | version_1_0 | 
 SRX15115120_SRR19042314_scRecounter_version_1_0 | SRX15115120_SRR19042314 | SRR19042314   | mouse    | 2025-11-14    | scRecounter  |        | 2025-11-14 14:37:42.824836 |                 |      | version_1_0 | 
 SRX15115125_SRR19042277_scRecounter_version_1_0 | SRX15115125_SRR19042277 | SRR19042277   | mouse    | 2025-11-14    | scRecounter  |        | 2025-11-14 14:37:42.828226 |                 |      | version_1_0 | 
 SRX15115121_SRR19042308_scRecounter_version_1_0 | SRX15115121_SRR19042308 | SRR19042308   | mouse    | 2025-11-14    | scRecounter  |        | 2025-11-14 14:37:42.847859 |                 |      | version_1_0 | 
 SRX15115124_SRR19042287_scRecounter_version_1_0 | SRX15115124_SRR19042287 | SRR19042287   | mouse    | 2025-11-14    | scRecounter  |        | 2025-11-14 14:37:42.849695 |                 |      | version_1_0 | 
 SRX15115126_SRR19042270_scRecounter_version_1_0 | SRX15115126_SRR19042270 | SRR19042270   | mouse    | 2025-11-14    | scRecounter  |        | 2025-11-14 14:37:42.863155 |                 |      | version_1_0 | 
 SRX15115122_SRR19042297_scRecounter_version_1_0 | SRX15115122_SRR19042297 | SRR19042297   | mouse    | 2025-11-14    | scRecounter  |        | 2025-11-14 14:37:42.867716 |                 |      | version_1_0 | 
 SRX15115121_SRR19042305_scRecounter_version_1_0 | SRX15115121_SRR19042305 | SRR19042305   | mouse    | 2025-11-14    | scRecounter  |        | 2025-11-14 14:37:42.911281 |                 |      | version_1_0 | 
 SRX15115118_SRR19042333_scRecounter_version_1_0 | SRX15115118_SRR19042333 | SRR19042333   | mouse    | 2025-11-14    | scRecounter  |        | 2025-11-14 14:37:42.913348 |                 |      | version_1_0 | 
 SRX15115123_SRR19042289_scRecounter_version_1_0 | SRX15115123_SRR19042289 | SRR19042289   | mouse    | 2025-11-14    | scRecounter  |        | 2025-11-14 14:37:42.92396  |                 |      | version_1_0 | 
 SRX15115123_SRR19042293_scRecounter_version_1_0 | SRX15115123_SRR19042293 | SRR19042293   | mouse    | 2025-11-14    | scRecounter  |        | 2025-11-14 14:37:42.945201 |                 |      | version_1_0 | 
 SRX15115126_SRR19042274_scRecounter_version_1_0 | SRX15115126_SRR19042274 | SRR19042274   | mouse    | 2025-11-14    | scRecounter  |        | 2025-11-14 14:37:42.994537 |                 |      | version_1_0 | 
 SRX15115126_SRR19042272_scRecounter_version_1_0 | SRX15115126_SRR19042272 | SRR19042272   | mouse    | 2025-11-14    | scRecounter  |        | 2025-11-14 14:37:42.998007 |                 |      | version_1_0 | 
 SRX15115122_SRR19042295_scRecounter_version_1_0 | SRX15115122_SRR19042295 | SRR19042295   | mouse    | 2025-11-14    | scRecounter  |        | 2025-11-14 14:37:42.999246 |                 |      | version_1_0 | 
 SRX15115125_SRR19042281_scRecounter_version_1_0 | SRX15115125_SRR19042281 | SRR19042281   | mouse    | 2025-11-14    | scRecounter  |        | 2025-11-14 14:37:42.999721 |                 |      | version_1_0 | 
 SRX15115127_SRR19042264_scRecounter_version_1_0 | SRX15115127_SRR19042264 | SRR19042264   | mouse    | 2025-11-14    | scRecounter  |        | 2025-11-14 14:37:43.011424 |                 |      | version_1_0 | 
 SRX15115125_SRR19042279_scRecounter_version_1_0 | SRX15115125_SRR19042279 | SRR19042279   | mouse    | 2025-11-14    | scRecounter  |        | 2025-11-14 14:37:43.033151 |                 |      | version_1_0 | 
 SRX15115124_SRR19042283_scRecounter_version_1_0 | SRX15115124_SRR19042283 | SRR19042283   | mouse    | 2025-11-14    | scRecounter  |        | 2025-11-14 14:37:43.06467  |                 |      | version_1_0 | 
 SRX15115134_SRR19042210_scRecounter_version_1_0 | SRX15115134_SRR19042210 | SRR19042210   | mouse    | 2025-11-14    | scRecounter  |        | 2025-11-14 14:38:35.811357 |                 |      | version_1_0 | 
 SRX15115129_SRR19042253_scRecounter_version_1_0 | SRX15115129_SRR19042253 | SRR19042253   | mouse    | 2025-11-14    | scRecounter  |        | 2025-11-14 14:38:35.874891 |                 |      | version_1_0 | 
 SRX15115129_SRR19042256_scRecounter_version_1_0 | SRX15115129_SRR19042256 | SRR19042256   | mouse    | 2025-11-14    | scRecounter  |        | 2025-11-14 14:38:35.912602 |                 |      | version_1_0 | 
 SRX15115130_SRR19042247_scRecounter_version_1_0 | SRX15115130_SRR19042247 | SRR19042247   | mouse    | 2025-11-14    | scRecounter  |        | 2025-11-14 14:38:35.921242 |                 |      | version_1_0 | 
 SRX14491935_SRR18356675_scRecounter_version_1_0 | SRX14491935_SRR18356675 | SRR18356675   | mouse    | 2025-11-15    | scRecounter  |        | 2025-11-15 22:55:06.207378 |                 |      | version_1_0 | 
 SRX12438803_SRR16153956_scRecounter_version_1_0 | SRX12438803_SRR16153956 | SRR16153956   | mouse    | 2025-11-16    | scRecounter  |        | 2025-11-16 00:27:53.673622 |                 |      | version_1_0 | 
 SRX12501916_SRR16220004_scRecounter_version_1_0 | SRX12501916_SRR16220004 | SRR16220004   | mouse    | 2025-11-16    | scRecounter  |        | 2025-11-16 00:27:54.070284 |                 |      | version_1_0 | 
 SRX12438805_SRR16153963_scRecounter_version_1_0 | SRX12438805_SRR16153963 | SRR16153963   | mouse    | 2025-11-16    | scRecounter  |        | 2025-11-16 00:27:54.243142 |                 |      | version_1_0 | 
 SRX12501916_SRR16219983_scRecounter_version_1_0 | SRX12501916_SRR16219983 | SRR16219983   | mouse    | 2025-11-16    | scRecounter  |        | 2025-11-16 00:27:54.457959 |                 |      | version_1_0 | 
 SRX15115133_SRR19042225_scRecounter_version_1_0 | SRX15115133_SRR19042225 | SRR19042225   | mouse    | 2025-11-14    | scRecounter  |        | 2025-11-14 14:38:35.943724 |                 |      | version_1_0 | 
 SRX15115131_SRR19042236_scRecounter_version_1_0 | SRX15115131_SRR19042236 | SRR19042236   | mouse    | 2025-11-14    | scRecounter  |        | 2025-11-14 14:38:35.946883 |                 |      | version_1_0 | 
 SRX15115133_SRR19042219_scRecounter_version_1_0 | SRX15115133_SRR19042219 | SRR19042219   | mouse    | 2025-11-14    | scRecounter  |        | 2025-11-14 14:38:35.956355 |                 |      | version_1_0 | 
 SRX15115129_SRR19042250_scRecounter_version_1_0 | SRX15115129_SRR19042250 | SRR19042250   | mouse    | 2025-11-14    | scRecounter  |        | 2025-11-14 14:38:35.96329  |                 |      | version_1_0 | 
 SRX15115131_SRR19042239_scRecounter_version_1_0 | SRX15115131_SRR19042239 | SRR19042239   | mouse    | 2025-11-14    | scRecounter  |        | 2025-11-14 14:38:35.971259 |                 |      | version_1_0 | 
 SRX15115132_SRR19042228_scRecounter_version_1_0 | SRX15115132_SRR19042228 | SRR19042228   | mouse    | 2025-11-14    | scRecounter  |        | 2025-11-14 14:38:35.987449 |                 |      | version_1_0 | 
 SRX15115132_SRR19042230_scRecounter_version_1_0 | SRX15115132_SRR19042230 | SRR19042230   | mouse    | 2025-11-14    | scRecounter  |        | 2025-11-14 14:38:35.998067 |                 |      | version_1_0 | 
 SRX15115132_SRR19042232_scRecounter_version_1_0 | SRX15115132_SRR19042232 | SRR19042232   | mouse    | 2025-11-14    | scRecounter  |        | 2025-11-14 14:38:36.014119 |                 |      | version_1_0 | 
 SRX15115128_SRR19042260_scRecounter_version_1_0 | SRX15115128_SRR19042260 | SRR19042260   | mouse    | 2025-11-14    | scRecounter  |        | 2025-11-14 14:38:36.017071 |                 |      | version_1_0 | 
 SRX15115133_SRR19042222_scRecounter_version_1_0 | SRX15115133_SRR19042222 | SRR19042222   | mouse    | 2025-11-14    | scRecounter  |        | 2025-11-14 14:38:36.031359 |                 |      | version_1_0 | 
 SRX15115130_SRR19042244_scRecounter_version_1_0 | SRX15115130_SRR19042244 | SRR19042244   | mouse    | 2025-11-14    | scRecounter  |        | 2025-11-14 14:38:36.036451 |                 |      | version_1_0 | 
 SRX15115128_SRR19042258_scRecounter_version_1_0 | SRX15115128_SRR19042258 | SRR19042258   | mouse    | 2025-11-14    | scRecounter  |        | 2025-11-14 14:38:36.040157 |                 |      | version_1_0 | 
 SRX15115130_SRR19042242_scRecounter_version_1_0 | SRX15115130_SRR19042242 | SRR19042242   | mouse    | 2025-11-14    | scRecounter  |        | 2025-11-14 14:38:36.07472  |                 |      | version_1_0 | 
 SRX15115128_SRR19042262_scRecounter_version_1_0 | SRX15115128_SRR19042262 | SRR19042262   | mouse    | 2025-11-14    | scRecounter  |        | 2025-11-14 14:38:36.08867  |                 |      | version_1_0 | 
 SRX15115134_SRR19042213_scRecounter_version_1_0 | SRX15115134_SRR19042213 | SRR19042213   | mouse    | 2025-11-14    | scRecounter  |        | 2025-11-14 14:38:36.098153 |                 |      | version_1_0 | 
 SRX15115134_SRR19042216_scRecounter_version_1_0 | SRX15115134_SRR19042216 | SRR19042216   | mouse    | 2025-11-14    | scRecounter  |        | 2025-11-14 14:38:36.112457 |                 |      | version_1_0 | 
 SRX15115131_SRR19042234_scRecounter_version_1_0 | SRX15115131_SRR19042234 | SRR19042234   | mouse    | 2025-11-14    | scRecounter  |        | 2025-11-14 14:38:36.135289 |                 |      | version_1_0 | 
 SRX15115140_SRR19042162_scRecounter_version_1_0 | SRX15115140_SRR19042162 | SRR19042162   | mouse    | 2025-11-14    | scRecounter  |        | 2025-11-14 14:39:22.585076 |                 |      | version_1_0 | 
 SRX15115136_SRR19042193_scRecounter_version_1_0 | SRX15115136_SRR19042193 | SRR19042193   | mouse    | 2025-11-14    | scRecounter  |        | 2025-11-14 14:39:22.647014 |                 |      | version_1_0 | 
 SRX15115137_SRR19042190_scRecounter_version_1_0 | SRX15115137_SRR19042190 | SRR19042190   | mouse    | 2025-11-14    | scRecounter  |        | 2025-11-14 14:39:22.687251 |                 |      | version_1_0 | 
 SRX15115139_SRR19042170_scRecounter_version_1_0 | SRX15115139_SRR19042170 | SRR19042170   | mouse    | 2025-11-14    | scRecounter  |        | 2025-11-14 14:39:22.687221 |                 |      | version_1_0 | 
 SRX15115141_SRR19042153_scRecounter_version_1_0 | SRX15115141_SRR19042153 | SRR19042153   | mouse    | 2025-11-14    | scRecounter  |        | 2025-11-14 14:39:22.71495  |                 |      | version_1_0 | 
 SRX15115139_SRR19042168_scRecounter_version_1_0 | SRX15115139_SRR19042168 | SRR19042168   | mouse    | 2025-11-14    | scRecounter  |        | 2025-11-14 14:39:22.73767  |                 |      | version_1_0 | 
 SRX15115135_SRR19042205_scRecounter_version_1_0 | SRX15115135_SRR19042205 | SRR19042205   | mouse    | 2025-11-14    | scRecounter  |        | 2025-11-14 14:39:22.745264 |                 |      | version_1_0 | 
 SRX15115140_SRR19042164_scRecounter_version_1_0 | SRX15115140_SRR19042164 | SRR19042164   | mouse    | 2025-11-14    | scRecounter  |        | 2025-11-14 14:39:22.758494 |                 |      | version_1_0 | 
 SRX15115140_SRR19042166_scRecounter_version_1_0 | SRX15115140_SRR19042166 | SRR19042166   | mouse    | 2025-11-14    | scRecounter  |        | 2025-11-14 14:39:22.789465 |                 |      | version_1_0 | 
 SRX15115139_SRR19042173_scRecounter_version_1_0 | SRX15115139_SRR19042173 | SRR19042173   | mouse    | 2025-11-14    | scRecounter  |        | 2025-11-14 14:39:22.789418 |                 |      | version_1_0 | 
 SRX15115135_SRR19042207_scRecounter_version_1_0 | SRX15115135_SRR19042207 | SRR19042207   | mouse    | 2025-11-14    | scRecounter  |        | 2025-11-14 14:39:22.790594 |                 |      | version_1_0 | 
 SRX15115135_SRR19042202_scRecounter_version_1_0 | SRX15115135_SRR19042202 | SRR19042202   | mouse    | 2025-11-14    | scRecounter  |        | 2025-11-14 14:39:22.793241 |                 |      | version_1_0 | 
 SRX15115137_SRR19042184_scRecounter_version_1_0 | SRX15115137_SRR19042184 | SRR19042184   | mouse    | 2025-11-14    | scRecounter  |        | 2025-11-14 14:39:22.800015 |                 |      | version_1_0 | 
 SRX15115137_SRR19042187_scRecounter_version_1_0 | SRX15115137_SRR19042187 | SRR19042187   | mouse    | 2025-11-14    | scRecounter  |        | 2025-11-14 14:39:22.800024 |                 |      | version_1_0 | 
 SRX15115138_SRR19042181_scRecounter_version_1_0 | SRX15115138_SRR19042181 | SRR19042181   | mouse    | 2025-11-14    | scRecounter  |        | 2025-11-14 14:39:22.803177 |                 |      | version_1_0 | 
 SRX15115138_SRR19042176_scRecounter_version_1_0 | SRX15115138_SRR19042176 | SRR19042176   | mouse    | 2025-11-14    | scRecounter  |        | 2025-11-14 14:39:22.806587 |                 |      | version_1_0 | 
 SRX15115141_SRR19042159_scRecounter_version_1_0 | SRX15115141_SRR19042159 | SRR19042159   | mouse    | 2025-11-14    | scRecounter  |        | 2025-11-14 14:39:22.831058 |                 |      | version_1_0 | 
 SRX15115141_SRR19042156_scRecounter_version_1_0 | SRX15115141_SRR19042156 | SRR19042156   | mouse    | 2025-11-14    | scRecounter  |        | 2025-11-14 14:39:22.857687 |                 |      | version_1_0 | 
 SRX15115138_SRR19042178_scRecounter_version_1_0 | SRX15115138_SRR19042178 | SRR19042178   | mouse    | 2025-11-14    | scRecounter  |        | 2025-11-14 14:39:22.85963  |                 |      | version_1_0 | 
 SRX15115136_SRR19042196_scRecounter_version_1_0 | SRX15115136_SRR19042196 | SRR19042196   | mouse    | 2025-11-14    | scRecounter  |        | 2025-11-14 14:39:22.885857 |                 |      | version_1_0 | 
 SRX15115136_SRR19042199_scRecounter_version_1_0 | SRX15115136_SRR19042199 | SRR19042199   | mouse    | 2025-11-14    | scRecounter  |        | 2025-11-14 14:39:22.941491 |                 |      | version_1_0 | 
 SRX15115145_SRR19042117_scRecounter_version_1_0 | SRX15115145_SRR19042117 | SRR19042117   | mouse    | 2025-11-14    | scRecounter  |        | 2025-11-14 14:40:11.056939 |                 |      | version_1_0 | 
 SRX15115144_SRR19042126_scRecounter_version_1_0 | SRX15115144_SRR19042126 | SRR19042126   | mouse    | 2025-11-14    | scRecounter  |        | 2025-11-14 14:40:11.20742  |                 |      | version_1_0 | 
 SRX15115142_SRR19042144_scRecounter_version_1_0 | SRX15115142_SRR19042144 | SRR19042144   | mouse    | 2025-11-14    | scRecounter  |        | 2025-11-14 14:40:11.297308 |                 |      | version_1_0 | 
 SRX15231432_SRR19165088_scRecounter_version_1_0 | SRX15231432_SRR19165088 | SRR19165088   | mouse    | 2025-11-14    | scRecounter  |        | 2025-11-14 14:40:11.310379 |                 |      | version_1_0 | 
 SRX15115143_SRR19042135_scRecounter_version_1_0 | SRX15115143_SRR19042135 | SRR19042135   | mouse    | 2025-11-14    | scRecounter  |        | 2025-11-14 14:40:11.329977 |                 |      | version_1_0 | 
 SRX15115145_SRR19042120_scRecounter_version_1_0 | SRX15115145_SRR19042120 | SRR19042120   | mouse    | 2025-11-14    | scRecounter  |        | 2025-11-14 14:40:11.350538 |                 |      | version_1_0 | 
 SRX15231432_SRR19165089_scRecounter_version_1_0 | SRX15231432_SRR19165089 | SRR19165089   | mouse    | 2025-11-14    | scRecounter  |        | 2025-11-14 14:40:11.35402  |                 |      | version_1_0 | 
 SRX15115143_SRR19042138_scRecounter_version_1_0 | SRX15115143_SRR19042138 | SRR19042138   | mouse    | 2025-11-14    | scRecounter  |        | 2025-11-14 14:40:11.385228 |                 |      | version_1_0 | 
 SRX15115143_SRR19042141_scRecounter_version_1_0 | SRX15115143_SRR19042141 | SRR19042141   | mouse    | 2025-11-14    | scRecounter  |        | 2025-11-14 14:40:11.428529 |                 |      | version_1_0 | 
 SRX15115144_SRR19042133_scRecounter_version_1_0 | SRX15115144_SRR19042133 | SRR19042133   | mouse    | 2025-11-14    | scRecounter  |        | 2025-11-14 14:40:11.433014 |                 |      | version_1_0 | 
 SRX15231432_SRR19165090_scRecounter_version_1_0 | SRX15231432_SRR19165090 | SRR19165090   | mouse    | 2025-11-14    | scRecounter  |        | 2025-11-14 14:40:11.445754 |                 |      | version_1_0 | 
 SRX15115142_SRR19042150_scRecounter_version_1_0 | SRX15115142_SRR19042150 | SRR19042150   | mouse    | 2025-11-14    | scRecounter  |        | 2025-11-14 14:40:11.456439 |                 |      | version_1_0 | 
 SRX15231432_SRR19165083_scRecounter_version_1_0 | SRX15231432_SRR19165083 | SRR19165083   | mouse    | 2025-11-14    | scRecounter  |        | 2025-11-14 14:40:11.458905 |                 |      | version_1_0 | 
 SRX15231432_SRR19165087_scRecounter_version_1_0 | SRX15231432_SRR19165087 | SRR19165087   | mouse    | 2025-11-14    | scRecounter  |        | 2025-11-14 14:40:11.462395 |                 |      | version_1_0 | 
 SRX15115145_SRR19042123_scRecounter_version_1_0 | SRX15115145_SRR19042123 | SRR19042123   | mouse    | 2025-11-14    | scRecounter  |        | 2025-11-14 14:40:11.483706 |                 |      | version_1_0 | 
 SRX15231432_SRR19165084_scRecounter_version_1_0 | SRX15231432_SRR19165084 | SRR19165084   | mouse    | 2025-11-14    | scRecounter  |        | 2025-11-14 14:40:11.484599 |                 |      | version_1_0 | 
 SRX15231432_SRR19165086_scRecounter_version_1_0 | SRX15231432_SRR19165086 | SRR19165086   | mouse    | 2025-11-14    | scRecounter  |        | 2025-11-14 14:40:11.501692 |                 |      | version_1_0 | 
 SRX15115142_SRR19042146_scRecounter_version_1_0 | SRX15115142_SRR19042146 | SRR19042146   | mouse    | 2025-11-14    | scRecounter  |        | 2025-11-14 14:40:11.50826  |                 |      | version_1_0 | 
 SRX15115144_SRR19042129_scRecounter_version_1_0 | SRX15115144_SRR19042129 | SRR19042129   | mouse    | 2025-11-14    | scRecounter  |        | 2025-11-14 14:40:11.539139 |                 |      | version_1_0 | 
 SRX15231432_SRR19165085_scRecounter_version_1_0 | SRX15231432_SRR19165085 | SRR19165085   | mouse    | 2025-11-14    | scRecounter  |        | 2025-11-14 14:40:11.604959 |                 |      | version_1_0 | 
 SRX15231434_SRR19165102_scRecounter_version_1_0 | SRX15231434_SRR19165102 | SRR19165102   | mouse    | 2025-11-14    | scRecounter  |        | 2025-11-14 14:42:12.402378 |                 |      | version_1_0 | 
 SRX15231434_SRR19165106_scRecounter_version_1_0 | SRX15231434_SRR19165106 | SRR19165106   | mouse    | 2025-11-14    | scRecounter  |        | 2025-11-14 14:42:12.424444 |                 |      | version_1_0 | 
 SRX15231434_SRR19165100_scRecounter_version_1_0 | SRX15231434_SRR19165100 | SRR19165100   | mouse    | 2025-11-14    | scRecounter  |        | 2025-11-14 14:42:12.448123 |                 |      | version_1_0 | 
 SRX15231434_SRR19165101_scRecounter_version_1_0 | SRX15231434_SRR19165101 | SRR19165101   | mouse    | 2025-11-14    | scRecounter  |        | 2025-11-14 14:42:12.452434 |                 |      | version_1_0 | 
 SRX15231434_SRR19165103_scRecounter_version_1_0 | SRX15231434_SRR19165103 | SRR19165103   | mouse    | 2025-11-14    | scRecounter  |        | 2025-11-14 14:42:12.460082 |                 |      | version_1_0 | 
 SRX15231434_SRR19165105_scRecounter_version_1_0 | SRX15231434_SRR19165105 | SRR19165105   | mouse    | 2025-11-14    | scRecounter  |        | 2025-11-14 14:42:12.482388 |                 |      | version_1_0 | 
 SRX15231434_SRR19165099_scRecounter_version_1_0 | SRX15231434_SRR19165099 | SRR19165099   | mouse    | 2025-11-14    | scRecounter  |        | 2025-11-14 14:42:12.490015 |                 |      | version_1_0 | 
 SRX15231434_SRR19165104_scRecounter_version_1_0 | SRX15231434_SRR19165104 | SRR19165104   | mouse    | 2025-11-14    | scRecounter  |        | 2025-11-14 14:42:12.569553 |                 |      | version_1_0 | 
 SRX15231436_SRR19165117_scRecounter_version_1_0 | SRX15231436_SRR19165117 | SRR19165117   | mouse    | 2025-11-14    | scRecounter  |        | 2025-11-14 15:44:39.450432 |                 |      | version_1_0 | 
 SRX15231436_SRR19165118_scRecounter_version_1_0 | SRX15231436_SRR19165118 | SRR19165118   | mouse    | 2025-11-14    | scRecounter  |        | 2025-11-14 15:44:39.542839 |                 |      | version_1_0 | 
 SRX15231435_SRR19165113_scRecounter_version_1_0 | SRX15231435_SRR19165113 | SRR19165113   | mouse    | 2025-11-14    | scRecounter  |        | 2025-11-14 15:44:39.567437 |                 |      | version_1_0 | 
 SRX15231435_SRR19165109_scRecounter_version_1_0 | SRX15231435_SRR19165109 | SRR19165109   | mouse    | 2025-11-14    | scRecounter  |        | 2025-11-14 15:44:39.567449 |                 |      | version_1_0 | 
 SRX15231435_SRR19165108_scRecounter_version_1_0 | SRX15231435_SRR19165108 | SRR19165108   | mouse    | 2025-11-14    | scRecounter  |        | 2025-11-14 15:44:39.614644 |                 |      | version_1_0 | 
 SRX15231435_SRR19165114_scRecounter_version_1_0 | SRX15231435_SRR19165114 | SRR19165114   | mouse    | 2025-11-14    | scRecounter  |        | 2025-11-14 15:44:39.62363  |                 |      | version_1_0 | 
 SRX15231436_SRR19165119_scRecounter_version_1_0 | SRX15231436_SRR19165119 | SRR19165119   | mouse    | 2025-11-14    | scRecounter  |        | 2025-11-14 15:44:39.638155 |                 |      | version_1_0 | 
 SRX15231436_SRR19165120_scRecounter_version_1_0 | SRX15231436_SRR19165120 | SRR19165120   | mouse    | 2025-11-14    | scRecounter  |        | 2025-11-14 15:44:39.642232 |                 |      | version_1_0 | 
 SRX15231436_SRR19165122_scRecounter_version_1_0 | SRX15231436_SRR19165122 | SRR19165122   | mouse    | 2025-11-14    | scRecounter  |        | 2025-11-14 15:44:39.656052 |                 |      | version_1_0 | 
 SRX15231435_SRR19165110_scRecounter_version_1_0 | SRX15231435_SRR19165110 | SRR19165110   | mouse    | 2025-11-14    | scRecounter  |        | 2025-11-14 15:44:39.658753 |                 |      | version_1_0 | 
 SRX15231435_SRR19165111_scRecounter_version_1_0 | SRX15231435_SRR19165111 | SRR19165111   | mouse    | 2025-11-14    | scRecounter  |        | 2025-11-14 15:44:39.67439  |                 |      | version_1_0 | 
 SRX15231435_SRR19165107_scRecounter_version_1_0 | SRX15231435_SRR19165107 | SRR19165107   | mouse    | 2025-11-14    | scRecounter  |        | 2025-11-14 15:44:39.688247 |                 |      | version_1_0 | 
 SRX12438810_SRR16153990_scRecounter_version_1_0 | SRX12438810_SRR16153990 | SRR16153990   | mouse    | 2025-11-16    | scRecounter  |        | 2025-11-16 00:27:53.82654  |                 |      | version_1_0 | 
 SRX12438808_SRR16153978_scRecounter_version_1_0 | SRX12438808_SRR16153978 | SRR16153978   | mouse    | 2025-11-16    | scRecounter  |        | 2025-11-16 00:27:54.073217 |                 |      | version_1_0 | 
 SRX12438804_SRR16153958_scRecounter_version_1_0 | SRX12438804_SRR16153958 | SRR16153958   | mouse    | 2025-11-16    | scRecounter  |        | 2025-11-16 00:27:54.245173 |                 |      | version_1_0 | 
 SRX12438809_SRR16153982_scRecounter_version_1_0 | SRX12438809_SRR16153982 | SRR16153982   | mouse    | 2025-11-16    | scRecounter  |        | 2025-11-16 00:27:54.512381 |                 |      | version_1_0 | 
 SRX12438806_SRR16153967_scRecounter_version_1_0 | SRX12438806_SRR16153967 | SRR16153967   | mouse    | 2025-11-16    | scRecounter  |        | 2025-11-16 00:27:54.629703 |                 |      | version_1_0 | 
 SRX15231436_SRR19165116_scRecounter_version_1_0 | SRX15231436_SRR19165116 | SRR19165116   | mouse    | 2025-11-14    | scRecounter  |        | 2025-11-14 15:44:39.688631 |                 |      | version_1_0 | 
 SRX15231435_SRR19165112_scRecounter_version_1_0 | SRX15231435_SRR19165112 | SRR19165112   | mouse    | 2025-11-14    | scRecounter  |        | 2025-11-14 15:44:39.733746 |                 |      | version_1_0 | 
 SRX15231436_SRR19165115_scRecounter_version_1_0 | SRX15231436_SRR19165115 | SRR19165115   | mouse    | 2025-11-14    | scRecounter  |        | 2025-11-14 15:44:39.759676 |                 |      | version_1_0 | 
 SRX15231436_SRR19165121_scRecounter_version_1_0 | SRX15231436_SRR19165121 | SRR19165121   | mouse    | 2025-11-14    | scRecounter  |        | 2025-11-14 15:44:39.795687 |                 |      | version_1_0 | 
 SRX12438809_SRR16153983_scRecounter_version_1_0 | SRX12438809_SRR16153983 | SRR16153983   | mouse    | 2025-11-16    | scRecounter  |        | 2025-11-16 00:27:53.876981 |                 |      | version_1_0 | 
 SRX12438808_SRR16153979_scRecounter_version_1_0 | SRX12438808_SRR16153979 | SRR16153979   | mouse    | 2025-11-16    | scRecounter  |        | 2025-11-16 00:27:54.082514 |                 |      | version_1_0 | 
 SRX12438811_SRR16153969_scRecounter_version_1_0 | SRX12438811_SRR16153969 | SRR16153969   | mouse    | 2025-11-16    | scRecounter  |        | 2025-11-16 00:27:54.267182 |                 |      | version_1_0 | 
 SRX12501916_SRR16219979_scRecounter_version_1_0 | SRX12501916_SRR16219979 | SRR16219979   | mouse    | 2025-11-16    | scRecounter  |        | 2025-11-16 00:27:54.554401 |                 |      | version_1_0 | 
 SRX12501916_SRR16219980_scRecounter_version_1_0 | SRX12501916_SRR16219980 | SRR16219980   | mouse    | 2025-11-16    | scRecounter  |        | 2025-11-16 00:27:54.653076 |                 |      | version_1_0 | 
 SRX12501918_SRR16220041_scRecounter_version_1_0 | SRX12501918_SRR16220041 | SRR16220041   | mouse    | 2025-11-16    | scRecounter  |        | 2025-11-16 00:56:30.909309 |                 |      | version_1_0 | 
 SRX12700617_SRR16497779_scRecounter_version_1_0 | SRX12700617_SRR16497779 | SRR16497779   | mouse    | 2025-11-16    | scRecounter  |        | 2025-11-16 00:56:31.169609 |                 |      | version_1_0 | 
 SRX12501919_SRR16219988_scRecounter_version_1_0 | SRX12501919_SRR16219988 | SRR16219988   | mouse    | 2025-11-16    | scRecounter  |        | 2025-11-16 00:56:31.320238 |                 |      | version_1_0 | 
 SRX12501919_SRR16219997_scRecounter_version_1_0 | SRX12501919_SRR16219997 | SRR16219997   | mouse    | 2025-11-16    | scRecounter  |        | 2025-11-16 00:56:31.435889 |                 |      | version_1_0 | 
 SRX12501919_SRR16220001_scRecounter_version_1_0 | SRX12501919_SRR16220001 | SRR16220001   | mouse    | 2025-11-16    | scRecounter  |        | 2025-11-16 00:56:31.470128 |                 |      | version_1_0 | 
 SRX12501918_SRR16220038_scRecounter_version_1_0 | SRX12501918_SRR16220038 | SRR16220038   | mouse    | 2025-11-16    | scRecounter  |        | 2025-11-16 00:56:31.56116  |                 |      | version_1_0 | 
 SRX12501917_SRR16220028_scRecounter_version_1_0 | SRX12501917_SRR16220028 | SRR16220028   | mouse    | 2025-11-16    | scRecounter  |        | 2025-11-16 00:56:31.665523 |                 |      | version_1_0 | 
 SRX12501917_SRR16220024_scRecounter_version_1_0 | SRX12501917_SRR16220024 | SRR16220024   | mouse    | 2025-11-16    | scRecounter  |        | 2025-11-16 00:56:31.73321  |                 |      | version_1_0 | 
 SRX12501918_SRR16220030_scRecounter_version_1_0 | SRX12501918_SRR16220030 | SRR16220030   | mouse    | 2025-11-16    | scRecounter  |        | 2025-11-16 00:56:31.75142  |                 |      | version_1_0 | 
 SRX15231444_SRR19165184_scRecounter_version_1_0 | SRX15231444_SRR19165184 | SRR19165184   | mouse    | 2025-11-14    | scRecounter  |        | 2025-11-14 19:27:32.670761 |                 |      | version_1_0 | 
 SRX15231444_SRR19165181_scRecounter_version_1_0 | SRX15231444_SRR19165181 | SRR19165181   | mouse    | 2025-11-14    | scRecounter  |        | 2025-11-14 19:27:32.683954 |                 |      | version_1_0 | 
 SRX15231444_SRR19165180_scRecounter_version_1_0 | SRX15231444_SRR19165180 | SRR19165180   | mouse    | 2025-11-14    | scRecounter  |        | 2025-11-14 19:27:32.708775 |                 |      | version_1_0 | 
 SRX15231443_SRR19165176_scRecounter_version_1_0 | SRX15231443_SRR19165176 | SRR19165176   | mouse    | 2025-11-14    | scRecounter  |        | 2025-11-14 19:27:32.739493 |                 |      | version_1_0 | 
 SRX15231443_SRR19165172_scRecounter_version_1_0 | SRX15231443_SRR19165172 | SRR19165172   | mouse    | 2025-11-14    | scRecounter  |        | 2025-11-14 19:27:32.745201 |                 |      | version_1_0 | 
 SRX15231444_SRR19165179_scRecounter_version_1_0 | SRX15231444_SRR19165179 | SRR19165179   | mouse    | 2025-11-14    | scRecounter  |        | 2025-11-14 19:27:32.746219 |                 |      | version_1_0 | 
 SRX15231443_SRR19165175_scRecounter_version_1_0 | SRX15231443_SRR19165175 | SRR19165175   | mouse    | 2025-11-14    | scRecounter  |        | 2025-11-14 19:27:32.746552 |                 |      | version_1_0 | 
 SRX15231443_SRR19165177_scRecounter_version_1_0 | SRX15231443_SRR19165177 | SRR19165177   | mouse    | 2025-11-14    | scRecounter  |        | 2025-11-14 19:27:32.763529 |                 |      | version_1_0 | 
 SRX15231443_SRR19165171_scRecounter_version_1_0 | SRX15231443_SRR19165171 | SRR19165171   | mouse    | 2025-11-14    | scRecounter  |        | 2025-11-14 19:27:32.767439 |                 |      | version_1_0 | 
 SRX15231443_SRR19165174_scRecounter_version_1_0 | SRX15231443_SRR19165174 | SRR19165174   | mouse    | 2025-11-14    | scRecounter  |        | 2025-11-14 19:27:32.782958 |                 |      | version_1_0 | 
 SRX15231444_SRR19165186_scRecounter_version_1_0 | SRX15231444_SRR19165186 | SRR19165186   | mouse    | 2025-11-14    | scRecounter  |        | 2025-11-14 19:27:32.811796 |                 |      | version_1_0 | 
 SRX15231444_SRR19165183_scRecounter_version_1_0 | SRX15231444_SRR19165183 | SRR19165183   | mouse    | 2025-11-14    | scRecounter  |        | 2025-11-14 19:27:32.815307 |                 |      | version_1_0 | 
 SRX15231444_SRR19165185_scRecounter_version_1_0 | SRX15231444_SRR19165185 | SRR19165185   | mouse    | 2025-11-14    | scRecounter  |        | 2025-11-14 19:27:32.837552 |                 |      | version_1_0 | 
 SRX15231444_SRR19165182_scRecounter_version_1_0 | SRX15231444_SRR19165182 | SRR19165182   | mouse    | 2025-11-14    | scRecounter  |        | 2025-11-14 19:27:32.864552 |                 |      | version_1_0 | 
 SRX15231443_SRR19165173_scRecounter_version_1_0 | SRX15231443_SRR19165173 | SRR19165173   | mouse    | 2025-11-14    | scRecounter  |        | 2025-11-14 19:27:32.878648 |                 |      | version_1_0 | 
 SRX15231443_SRR19165178_scRecounter_version_1_0 | SRX15231443_SRR19165178 | SRR19165178   | mouse    | 2025-11-14    | scRecounter  |        | 2025-11-14 19:27:32.923257 |                 |      | version_1_0 | 
 SRX15231445_SRR19165189_scRecounter_version_1_0 | SRX15231445_SRR19165189 | SRR19165189   | mouse    | 2025-11-14    | scRecounter  |        | 2025-11-14 19:29:56.823299 |                 |      | version_1_0 | 
 SRX15231445_SRR19165192_scRecounter_version_1_0 | SRX15231445_SRR19165192 | SRR19165192   | mouse    | 2025-11-14    | scRecounter  |        | 2025-11-14 19:29:56.838919 |                 |      | version_1_0 | 
 SRX15231445_SRR19165191_scRecounter_version_1_0 | SRX15231445_SRR19165191 | SRR19165191   | mouse    | 2025-11-14    | scRecounter  |        | 2025-11-14 19:29:56.866576 |                 |      | version_1_0 | 
 SRX15231445_SRR19165190_scRecounter_version_1_0 | SRX15231445_SRR19165190 | SRR19165190   | mouse    | 2025-11-14    | scRecounter  |        | 2025-11-14 19:29:56.940988 |                 |      | version_1_0 | 
 SRX15231445_SRR19165187_scRecounter_version_1_0 | SRX15231445_SRR19165187 | SRR19165187   | mouse    | 2025-11-14    | scRecounter  |        | 2025-11-14 19:29:56.940983 |                 |      | version_1_0 | 
 SRX15231445_SRR19165188_scRecounter_version_1_0 | SRX15231445_SRR19165188 | SRR19165188   | mouse    | 2025-11-14    | scRecounter  |        | 2025-11-14 19:29:56.953391 |                 |      | version_1_0 | 
 SRX15231445_SRR19165194_scRecounter_version_1_0 | SRX15231445_SRR19165194 | SRR19165194   | mouse    | 2025-11-14    | scRecounter  |        | 2025-11-14 19:29:56.996128 |                 |      | version_1_0 | 
 SRX15231445_SRR19165193_scRecounter_version_1_0 | SRX15231445_SRR19165193 | SRR19165193   | mouse    | 2025-11-14    | scRecounter  |        | 2025-11-14 19:29:56.999305 |                 |      | version_1_0 | 
 SRX15782920_SRR19736620_scRecounter_version_1_0 | SRX15782920_SRR19736620 | SRR19736620   | mouse    | 2025-11-14    | scRecounter  |        | 2025-11-14 21:43:36.533969 |                 |      | version_1_0 | 
 SRX15782921_SRR19736617_scRecounter_version_1_0 | SRX15782921_SRR19736617 | SRR19736617   | mouse    | 2025-11-14    | scRecounter  |        | 2025-11-14 21:43:36.606909 |                 |      | version_1_0 | 
 SRX15574585_SRR19522241_scRecounter_version_1_0 | SRX15574585_SRR19522241 | SRR19522241   | mouse    | 2025-11-14    | scRecounter  |        | 2025-11-14 21:43:36.618396 |                 |      | version_1_0 | 
 SRX15782920_SRR19736619_scRecounter_version_1_0 | SRX15782920_SRR19736619 | SRR19736619   | mouse    | 2025-11-14    | scRecounter  |        | 2025-11-14 21:43:36.619091 |                 |      | version_1_0 | 
 SRX15574584_SRR19522242_scRecounter_version_1_0 | SRX15574584_SRR19522242 | SRR19522242   | mouse    | 2025-11-14    | scRecounter  |        | 2025-11-14 21:43:36.632138 |                 |      | version_1_0 | 
 SRX15782921_SRR19736618_scRecounter_version_1_0 | SRX15782921_SRR19736618 | SRR19736618   | mouse    | 2025-11-14    | scRecounter  |        | 2025-11-14 21:43:36.738236 |                 |      | version_1_0 | 
 SRX15782922_SRR19736616_scRecounter_version_1_0 | SRX15782922_SRR19736616 | SRR19736616   | mouse    | 2025-11-14    | scRecounter  |        | 2025-11-14 21:46:56.344656 |                 |      | version_1_0 | 
 SRX15782925_SRR19736609_scRecounter_version_1_0 | SRX15782925_SRR19736609 | SRR19736609   | mouse    | 2025-11-14    | scRecounter  |        | 2025-11-14 21:46:56.477477 |                 |      | version_1_0 | 
 SRX12438812_SRR16153993_scRecounter_version_1_0 | SRX12438812_SRR16153993 | SRR16153993   | mouse    | 2025-11-16    | scRecounter  |        | 2025-11-16 00:27:53.889325 |                 |      | version_1_0 | 
 SRX12438803_SRR16153955_scRecounter_version_1_0 | SRX12438803_SRR16153955 | SRR16153955   | mouse    | 2025-11-16    | scRecounter  |        | 2025-11-16 00:27:54.118262 |                 |      | version_1_0 | 
 SRX12438805_SRR16153965_scRecounter_version_1_0 | SRX12438805_SRR16153965 | SRR16153965   | mouse    | 2025-11-16    | scRecounter  |        | 2025-11-16 00:27:54.304935 |                 |      | version_1_0 | 
 SRX15782924_SRR19736612_scRecounter_version_1_0 | SRX15782924_SRR19736612 | SRR19736612   | mouse    | 2025-11-14    | scRecounter  |        | 2025-11-14 21:46:56.548927 |                 |      | version_1_0 | 
 SRX15782925_SRR19736610_scRecounter_version_1_0 | SRX15782925_SRR19736610 | SRR19736610   | mouse    | 2025-11-14    | scRecounter  |        | 2025-11-14 21:46:56.562818 |                 |      | version_1_0 | 
 SRX15782924_SRR19736611_scRecounter_version_1_0 | SRX15782924_SRR19736611 | SRR19736611   | mouse    | 2025-11-14    | scRecounter  |        | 2025-11-14 21:46:56.590159 |                 |      | version_1_0 | 
 SRX15782922_SRR19736615_scRecounter_version_1_0 | SRX15782922_SRR19736615 | SRR19736615   | mouse    | 2025-11-14    | scRecounter  |        | 2025-11-14 21:46:56.60519  |                 |      | version_1_0 | 
 SRX15782923_SRR19736614_scRecounter_version_1_0 | SRX15782923_SRR19736614 | SRR19736614   | mouse    | 2025-11-14    | scRecounter  |        | 2025-11-14 21:46:56.650687 |                 |      | version_1_0 | 
 SRX15782923_SRR19736613_scRecounter_version_1_0 | SRX15782923_SRR19736613 | SRR19736613   | mouse    | 2025-11-14    | scRecounter  |        | 2025-11-14 21:46:56.71468  |                 |      | version_1_0 | 
 SRX12501916_SRR16219982_scRecounter_version_1_0 | SRX12501916_SRR16219982 | SRR16219982   | mouse    | 2025-11-16    | scRecounter  |        | 2025-11-16 00:27:53.898866 |                 |      | version_1_0 | 
 SRX12438803_SRR16153957_scRecounter_version_1_0 | SRX12438803_SRR16153957 | SRR16153957   | mouse    | 2025-11-16    | scRecounter  |        | 2025-11-16 00:27:54.119604 |                 |      | version_1_0 | 
 SRX12438806_SRR16153970_scRecounter_version_1_0 | SRX12438806_SRR16153970 | SRR16153970   | mouse    | 2025-11-16    | scRecounter  |        | 2025-11-16 00:27:54.366712 |                 |      | version_1_0 | 
 SRX12501916_SRR16220010_scRecounter_version_1_0 | SRX12501916_SRR16220010 | SRR16220010   | mouse    | 2025-11-16    | scRecounter  |        | 2025-11-16 00:27:54.659341 |                 |      | version_1_0 | 
 SRX12501917_SRR16220029_scRecounter_version_1_0 | SRX12501917_SRR16220029 | SRR16220029   | mouse    | 2025-11-16    | scRecounter  |        | 2025-11-16 00:56:30.997625 |                 |      | version_1_0 | 
 SRX14491962_SRR18356648_scRecounter_version_1_0 | SRX14491962_SRR18356648 | SRR18356648   | mouse    | 2025-11-15    | scRecounter  |        | 2025-11-15 05:37:19.311199 |                 |      | version_1_0 | 
 SRX14491961_SRR18356649_scRecounter_version_1_0 | SRX14491961_SRR18356649 | SRR18356649   | mouse    | 2025-11-15    | scRecounter  |        | 2025-11-15 05:37:19.350852 |                 |      | version_1_0 | 
 SRX14491964_SRR18356646_scRecounter_version_1_0 | SRX14491964_SRR18356646 | SRR18356646   | mouse    | 2025-11-15    | scRecounter  |        | 2025-11-15 05:37:19.367613 |                 |      | version_1_0 | 
 SRX14491965_SRR18356645_scRecounter_version_1_0 | SRX14491965_SRR18356645 | SRR18356645   | mouse    | 2025-11-15    | scRecounter  |        | 2025-11-15 05:37:19.442079 |                 |      | version_1_0 | 
 SRX14491966_SRR18356644_scRecounter_version_1_0 | SRX14491966_SRR18356644 | SRR18356644   | mouse    | 2025-11-15    | scRecounter  |        | 2025-11-15 05:37:19.449555 |                 |      | version_1_0 | 
 SRX14491963_SRR18356647_scRecounter_version_1_0 | SRX14491963_SRR18356647 | SRR18356647   | mouse    | 2025-11-15    | scRecounter  |        | 2025-11-15 05:37:19.474271 |                 |      | version_1_0 | 
 SRX14491958_SRR18356652_scRecounter_version_1_0 | SRX14491958_SRR18356652 | SRR18356652   | mouse    | 2025-11-15    | scRecounter  |        | 2025-11-15 05:37:19.492634 |                 |      | version_1_0 | 
 SRX14491959_SRR18356651_scRecounter_version_1_0 | SRX14491959_SRR18356651 | SRR18356651   | mouse    | 2025-11-15    | scRecounter  |        | 2025-11-15 05:37:19.594979 |                 |      | version_1_0 | 
 SRX14491953_SRR18356657_scRecounter_version_1_0 | SRX14491953_SRR18356657 | SRR18356657   | mouse    | 2025-11-15    | scRecounter  |        | 2025-11-15 06:19:22.504072 |                 |      | version_1_0 | 
 SRX14491971_SRR18356639_scRecounter_version_1_0 | SRX14491971_SRR18356639 | SRR18356639   | mouse    | 2025-11-15    | scRecounter  |        | 2025-11-15 06:19:22.537405 |                 |      | version_1_0 | 
 SRX14491956_SRR18356654_scRecounter_version_1_0 | SRX14491956_SRR18356654 | SRR18356654   | mouse    | 2025-11-15    | scRecounter  |        | 2025-11-15 06:19:22.549342 |                 |      | version_1_0 | 
 SRX14491955_SRR18356655_scRecounter_version_1_0 | SRX14491955_SRR18356655 | SRR18356655   | mouse    | 2025-11-15    | scRecounter  |        | 2025-11-15 06:19:22.555302 |                 |      | version_1_0 | 
 SRX14491967_SRR18356643_scRecounter_version_1_0 | SRX14491967_SRR18356643 | SRR18356643   | mouse    | 2025-11-15    | scRecounter  |        | 2025-11-15 06:19:22.596729 |                 |      | version_1_0 | 
 SRX14491970_SRR18356640_scRecounter_version_1_0 | SRX14491970_SRR18356640 | SRR18356640   | mouse    | 2025-11-15    | scRecounter  |        | 2025-11-15 06:19:22.604572 |                 |      | version_1_0 | 
 SRX14491954_SRR18356656_scRecounter_version_1_0 | SRX14491954_SRR18356656 | SRR18356656   | mouse    | 2025-11-15    | scRecounter  |        | 2025-11-15 06:19:22.639358 |                 |      | version_1_0 | 
 SRX12416024_SRR16130657_scRecounter_version_1_0 | SRX12416024_SRR16130657 | SRR16130657   | mouse    | 2025-11-15    | scRecounter  |        | 2025-11-15 07:21:34.639235 |                 |      | version_1_0 | 
 SRX12416025_SRR16130656_scRecounter_version_1_0 | SRX12416025_SRR16130656 | SRR16130656   | mouse    | 2025-11-15    | scRecounter  |        | 2025-11-15 08:33:45.404786 |                 |      | version_1_0 | 
 SRX12416026_SRR16130655_scRecounter_version_1_0 | SRX12416026_SRR16130655 | SRR16130655   | mouse    | 2025-11-15    | scRecounter  |        | 2025-11-15 08:33:45.429352 |                 |      | version_1_0 | 
 SRX12416028_SRR16130653_scRecounter_version_1_0 | SRX12416028_SRR16130653 | SRR16130653   | mouse    | 2025-11-15    | scRecounter  |        | 2025-11-15 08:33:45.438259 |                 |      | version_1_0 | 
 SRX12416027_SRR16130654_scRecounter_version_1_0 | SRX12416027_SRR16130654 | SRR16130654   | mouse    | 2025-11-15    | scRecounter  |        | 2025-11-15 08:33:45.535113 |                 |      | version_1_0 | 
 SRX12416029_SRR16130652_scRecounter_version_1_0 | SRX12416029_SRR16130652 | SRR16130652   | mouse    | 2025-11-15    | scRecounter  |        | 2025-11-15 08:34:37.22582  |                 |      | version_1_0 | 
 SRX12416032_SRR16130649_scRecounter_version_1_0 | SRX12416032_SRR16130649 | SRR16130649   | mouse    | 2025-11-15    | scRecounter  |        | 2025-11-15 08:34:37.289203 |                 |      | version_1_0 | 
 SRX12416030_SRR16130651_scRecounter_version_1_0 | SRX12416030_SRR16130651 | SRR16130651   | mouse    | 2025-11-15    | scRecounter  |        | 2025-11-15 08:34:37.300031 |                 |      | version_1_0 | 
 SRX12416031_SRR16130650_scRecounter_version_1_0 | SRX12416031_SRR16130650 | SRR16130650   | mouse    | 2025-11-15    | scRecounter  |        | 2025-11-15 08:34:37.389722 |                 |      | version_1_0 | 
 SRX12416033_SRR16130648_scRecounter_version_1_0 | SRX12416033_SRR16130648 | SRR16130648   | mouse    | 2025-11-15    | scRecounter  |        | 2025-11-15 08:35:37.432578 |                 |      | version_1_0 | 
 SRX14491941_SRR18356669_scRecounter_version_1_0 | SRX14491941_SRR18356669 | SRR18356669   | mouse    | 2025-11-15    | scRecounter  |        | 2025-11-15 23:25:38.602441 |                 |      | version_1_0 | 
 SRX12501916_SRR16220008_scRecounter_version_1_0 | SRX12501916_SRR16220008 | SRR16220008   | mouse    | 2025-11-16    | scRecounter  |        | 2025-11-16 00:27:53.913387 |                 |      | version_1_0 | 
 SRX12416034_SRR16130647_scRecounter_version_1_0 | SRX12416034_SRR16130647 | SRR16130647   | mouse    | 2025-11-15    | scRecounter  |        | 2025-11-15 08:35:37.488329 |                 |      | version_1_0 | 
 SRX12416035_SRR16130646_scRecounter_version_1_0 | SRX12416035_SRR16130646 | SRR16130646   | mouse    | 2025-11-15    | scRecounter  |        | 2025-11-15 08:35:37.52048  |                 |      | version_1_0 | 
 SRX12416036_SRR16130645_scRecounter_version_1_0 | SRX12416036_SRR16130645 | SRR16130645   | mouse    | 2025-11-15    | scRecounter  |        | 2025-11-15 08:36:34.260975 |                 |      | version_1_0 | 
 SRX12416038_SRR16130643_scRecounter_version_1_0 | SRX12416038_SRR16130643 | SRR16130643   | mouse    | 2025-11-15    | scRecounter  |        | 2025-11-15 08:36:34.319621 |                 |      | version_1_0 | 
 SRX12416037_SRR16130644_scRecounter_version_1_0 | SRX12416037_SRR16130644 | SRR16130644   | mouse    | 2025-11-15    | scRecounter  |        | 2025-11-15 08:36:34.357071 |                 |      | version_1_0 | 
 SRX12416039_SRR16130642_scRecounter_version_1_0 | SRX12416039_SRR16130642 | SRR16130642   | mouse    | 2025-11-15    | scRecounter  |        | 2025-11-15 08:37:25.092445 |                 |      | version_1_0 | 
 SRX14283847_SRR18135803_scRecounter_version_1_0 | SRX14283847_SRR18135803 | SRR18135803   | mouse    | 2025-11-15    | scRecounter  |        | 2025-11-15 21:01:34.790134 |                 |      | version_1_0 | 
 SRX14283848_SRR18135806_scRecounter_version_1_0 | SRX14283848_SRR18135806 | SRR18135806   | mouse    | 2025-11-15    | scRecounter  |        | 2025-11-15 21:01:34.819629 |                 |      | version_1_0 | 
 SRX14283848_SRR18135805_scRecounter_version_1_0 | SRX14283848_SRR18135805 | SRR18135805   | mouse    | 2025-11-15    | scRecounter  |        | 2025-11-15 21:01:34.844019 |                 |      | version_1_0 | 
 SRX14283848_SRR18135807_scRecounter_version_1_0 | SRX14283848_SRR18135807 | SRR18135807   | mouse    | 2025-11-15    | scRecounter  |        | 2025-11-15 21:01:34.85108  |                 |      | version_1_0 | 
 SRX14283847_SRR18135804_scRecounter_version_1_0 | SRX14283847_SRR18135804 | SRR18135804   | mouse    | 2025-11-15    | scRecounter  |        | 2025-11-15 21:01:34.866316 |                 |      | version_1_0 | 
 SRX14283848_SRR18135808_scRecounter_version_1_0 | SRX14283848_SRR18135808 | SRR18135808   | mouse    | 2025-11-15    | scRecounter  |        | 2025-11-15 21:01:34.882166 |                 |      | version_1_0 | 
 SRX14283847_SRR18135802_scRecounter_version_1_0 | SRX14283847_SRR18135802 | SRR18135802   | mouse    | 2025-11-15    | scRecounter  |        | 2025-11-15 21:01:34.920779 |                 |      | version_1_0 | 
 SRX14283847_SRR18135801_scRecounter_version_1_0 | SRX14283847_SRR18135801 | SRR18135801   | mouse    | 2025-11-15    | scRecounter  |        | 2025-11-15 21:01:35.004004 |                 |      | version_1_0 | 
 SRX14439355_SRR18301875_scRecounter_version_1_0 | SRX14439355_SRR18301875 | SRR18301875   | mouse    | 2025-11-15    | scRecounter  |        | 2025-11-15 22:46:10.582032 |                 |      | version_1_0 | 
 SRX14491928_SRR18356682_scRecounter_version_1_0 | SRX14491928_SRR18356682 | SRR18356682   | mouse    | 2025-11-15    | scRecounter  |        | 2025-11-15 22:46:10.58906  |                 |      | version_1_0 | 
 SRX14439355_SRR18301878_scRecounter_version_1_0 | SRX14439355_SRR18301878 | SRR18301878   | mouse    | 2025-11-15    | scRecounter  |        | 2025-11-15 22:46:10.594463 |                 |      | version_1_0 | 
 SRX14439355_SRR18301879_scRecounter_version_1_0 | SRX14439355_SRR18301879 | SRR18301879   | mouse    | 2025-11-15    | scRecounter  |        | 2025-11-15 22:46:10.648425 |                 |      | version_1_0 | 
 SRX14439355_SRR18301872_scRecounter_version_1_0 | SRX14439355_SRR18301872 | SRR18301872   | mouse    | 2025-11-15    | scRecounter  |        | 2025-11-15 22:46:10.659876 |                 |      | version_1_0 | 
 SRX14439355_SRR18301870_scRecounter_version_1_0 | SRX14439355_SRR18301870 | SRR18301870   | mouse    | 2025-11-15    | scRecounter  |        | 2025-11-15 22:46:10.716024 |                 |      | version_1_0 | 
 SRX14439355_SRR18301877_scRecounter_version_1_0 | SRX14439355_SRR18301877 | SRR18301877   | mouse    | 2025-11-15    | scRecounter  |        | 2025-11-15 22:46:10.723187 |                 |      | version_1_0 | 
 SRX14439355_SRR18301881_scRecounter_version_1_0 | SRX14439355_SRR18301881 | SRR18301881   | mouse    | 2025-11-15    | scRecounter  |        | 2025-11-15 22:46:10.740739 |                 |      | version_1_0 | 
 SRX12438811_SRR16153973_scRecounter_version_1_0 | SRX12438811_SRR16153973 | SRR16153973   | mouse    | 2025-11-16    | scRecounter  |        | 2025-11-16 00:27:53.925454 |                 |      | version_1_0 | 
 SRX12501916_SRR16219981_scRecounter_version_1_0 | SRX12501916_SRR16219981 | SRR16219981   | mouse    | 2025-11-16    | scRecounter  |        | 2025-11-16 00:27:54.163502 |                 |      | version_1_0 | 
 SRX12501916_SRR16220003_scRecounter_version_1_0 | SRX12501916_SRR16220003 | SRR16220003   | mouse    | 2025-11-16    | scRecounter  |        | 2025-11-16 00:27:54.378645 |                 |      | version_1_0 | 
 SRX12438807_SRR16153974_scRecounter_version_1_0 | SRX12438807_SRR16153974 | SRR16153974   | mouse    | 2025-11-16    | scRecounter  |        | 2025-11-16 00:27:54.558417 |                 |      | version_1_0 | 
 SRX12438809_SRR16153984_scRecounter_version_1_0 | SRX12438809_SRR16153984 | SRR16153984   | mouse    | 2025-11-16    | scRecounter  |        | 2025-11-16 00:27:54.6668   |                 |      | version_1_0 | 
 SRX12501918_SRR16219984_scRecounter_version_1_0 | SRX12501918_SRR16219984 | SRR16219984   | mouse    | 2025-11-16    | scRecounter  |        | 2025-11-16 00:56:31.07162  |                 |      | version_1_0 | 
 SRX12501919_SRR16220002_scRecounter_version_1_0 | SRX12501919_SRR16220002 | SRR16220002   | mouse    | 2025-11-16    | scRecounter  |        | 2025-11-16 00:56:31.165523 |                 |      | version_1_0 | 
 SRX12501919_SRR16219992_scRecounter_version_1_0 | SRX12501919_SRR16219992 | SRR16219992   | mouse    | 2025-11-16    | scRecounter  |        | 2025-11-16 00:56:31.341929 |                 |      | version_1_0 | 
 SRX12700616_SRR16497778_scRecounter_version_1_0 | SRX12700616_SRR16497778 | SRR16497778   | mouse    | 2025-11-16    | scRecounter  |        | 2025-11-16 00:56:31.436453 |                 |      | version_1_0 | 
 SRX12501919_SRR16219987_scRecounter_version_1_0 | SRX12501919_SRR16219987 | SRR16219987   | mouse    | 2025-11-16    | scRecounter  |        | 2025-11-16 00:56:31.475889 |                 |      | version_1_0 | 
 SRX14439355_SRR18301874_scRecounter_version_1_0 | SRX14439355_SRR18301874 | SRR18301874   | mouse    | 2025-11-15    | scRecounter  |        | 2025-11-15 22:46:10.751669 |                 |      | version_1_0 | 
 SRX14439355_SRR18301876_scRecounter_version_1_0 | SRX14439355_SRR18301876 | SRR18301876   | mouse    | 2025-11-15    | scRecounter  |        | 2025-11-15 22:46:10.771326 |                 |      | version_1_0 | 
 SRX14439355_SRR18301884_scRecounter_version_1_0 | SRX14439355_SRR18301884 | SRR18301884   | mouse    | 2025-11-15    | scRecounter  |        | 2025-11-15 22:46:10.773247 |                 |      | version_1_0 | 
 SRX14491930_SRR18356680_scRecounter_version_1_0 | SRX14491930_SRR18356680 | SRR18356680   | mouse    | 2025-11-15    | scRecounter  |        | 2025-11-15 22:46:10.781141 |                 |      | version_1_0 | 
 SRX14491931_SRR18356679_scRecounter_version_1_0 | SRX14491931_SRR18356679 | SRR18356679   | mouse    | 2025-11-15    | scRecounter  |        | 2025-11-15 22:46:10.785146 |                 |      | version_1_0 | 
 SRX14491925_SRR18356685_scRecounter_version_1_0 | SRX14491925_SRR18356685 | SRR18356685   | mouse    | 2025-11-15    | scRecounter  |        | 2025-11-15 22:46:10.792444 |                 |      | version_1_0 | 
 SRX14491929_SRR18356681_scRecounter_version_1_0 | SRX14491929_SRR18356681 | SRR18356681   | mouse    | 2025-11-15    | scRecounter  |        | 2025-11-15 22:46:10.792832 |                 |      | version_1_0 | 
 SRX14439355_SRR18301873_scRecounter_version_1_0 | SRX14439355_SRR18301873 | SRR18301873   | mouse    | 2025-11-15    | scRecounter  |        | 2025-11-15 22:46:10.792701 |                 |      | version_1_0 | 
 SRX14491942_SRR18356668_scRecounter_version_1_0 | SRX14491942_SRR18356668 | SRR18356668   | mouse    | 2025-11-15    | scRecounter  |        | 2025-11-15 22:46:10.793623 |                 |      | version_1_0 | 
 SRX14439355_SRR18301882_scRecounter_version_1_0 | SRX14439355_SRR18301882 | SRR18301882   | mouse    | 2025-11-15    | scRecounter  |        | 2025-11-15 22:46:10.832347 |                 |      | version_1_0 | 
 SRX14491944_SRR18356666_scRecounter_version_1_0 | SRX14491944_SRR18356666 | SRR18356666   | mouse    | 2025-11-15    | scRecounter  |        | 2025-11-15 22:46:10.836112 |                 |      | version_1_0 | 
 SRX14491924_SRR18356686_scRecounter_version_1_0 | SRX14491924_SRR18356686 | SRR18356686   | mouse    | 2025-11-15    | scRecounter  |        | 2025-11-15 22:46:10.836772 |                 |      | version_1_0 | 
 SRX14439355_SRR18301883_scRecounter_version_1_0 | SRX14439355_SRR18301883 | SRR18301883   | mouse    | 2025-11-15    | scRecounter  |        | 2025-11-15 22:46:10.848011 |                 |      | version_1_0 | 
 SRX14491927_SRR18356683_scRecounter_version_1_0 | SRX14491927_SRR18356683 | SRR18356683   | mouse    | 2025-11-15    | scRecounter  |        | 2025-11-15 22:46:10.86405  |                 |      | version_1_0 | 
 SRX14439355_SRR18301871_scRecounter_version_1_0 | SRX14439355_SRR18301871 | SRR18301871   | mouse    | 2025-11-15    | scRecounter  |        | 2025-11-15 22:46:10.866707 |                 |      | version_1_0 | 
 SRX14439355_SRR18301880_scRecounter_version_1_0 | SRX14439355_SRR18301880 | SRR18301880   | mouse    | 2025-11-15    | scRecounter  |        | 2025-11-15 22:46:10.869799 |                 |      | version_1_0 | 
 SRX14491943_SRR18356667_scRecounter_version_1_0 | SRX14491943_SRR18356667 | SRR18356667   | mouse    | 2025-11-15    | scRecounter  |        | 2025-11-15 22:46:10.885383 |                 |      | version_1_0 | 
 SRX14439355_SRR18301885_scRecounter_version_1_0 | SRX14439355_SRR18301885 | SRR18301885   | mouse    | 2025-11-15    | scRecounter  |        | 2025-11-15 22:46:10.887809 |                 |      | version_1_0 | 
 SRX14491926_SRR18356684_scRecounter_version_1_0 | SRX14491926_SRR18356684 | SRR18356684   | mouse    | 2025-11-15    | scRecounter  |        | 2025-11-15 22:46:10.89241  |                 |      | version_1_0 | 
 SRX12438807_SRR16153972_scRecounter_version_1_0 | SRX12438807_SRR16153972 | SRR16153972   | mouse    | 2025-11-16    | scRecounter  |        | 2025-11-16 00:27:53.94513  |                 |      | version_1_0 | 
 SRX12438812_SRR16153991_scRecounter_version_1_0 | SRX12438812_SRR16153991 | SRR16153991   | mouse    | 2025-11-16    | scRecounter  |        | 2025-11-16 00:27:54.16207  |                 |      | version_1_0 | 
 SRX12438808_SRR16153980_scRecounter_version_1_0 | SRX12438808_SRR16153980 | SRR16153980   | mouse    | 2025-11-16    | scRecounter  |        | 2025-11-16 00:27:54.392026 |                 |      | version_1_0 | 
 SRX12438804_SRR16153959_scRecounter_version_1_0 | SRX12438804_SRR16153959 | SRR16153959   | mouse    | 2025-11-16    | scRecounter  |        | 2025-11-16 00:27:54.577214 |                 |      | version_1_0 | 
 SRX12438809_SRR16153986_scRecounter_version_1_0 | SRX12438809_SRR16153986 | SRR16153986   | mouse    | 2025-11-16    | scRecounter  |        | 2025-11-16 00:27:54.696866 |                 |      | version_1_0 | 
 SRX12501919_SRR16219990_scRecounter_version_1_0 | SRX12501919_SRR16219990 | SRR16219990   | mouse    | 2025-11-16    | scRecounter  |        | 2025-11-16 00:56:31.10349  |                 |      | version_1_0 | 
 SRX12501919_SRR16219996_scRecounter_version_1_0 | SRX12501919_SRR16219996 | SRR16219996   | mouse    | 2025-11-16    | scRecounter  |        | 2025-11-16 00:56:31.191444 |                 |      | version_1_0 | 
 SRX12501918_SRR16220033_scRecounter_version_1_0 | SRX12501918_SRR16220033 | SRR16220033   | mouse    | 2025-11-16    | scRecounter  |        | 2025-11-16 00:56:31.362524 |                 |      | version_1_0 | 
 SRX12501919_SRR16219998_scRecounter_version_1_0 | SRX12501919_SRR16219998 | SRR16219998   | mouse    | 2025-11-16    | scRecounter  |        | 2025-11-16 00:56:31.442457 |                 |      | version_1_0 | 
 SRX12501919_SRR16219994_scRecounter_version_1_0 | SRX12501919_SRR16219994 | SRR16219994   | mouse    | 2025-11-16    | scRecounter  |        | 2025-11-16 00:56:31.472208 |                 |      | version_1_0 | 
 SRX12501917_SRR16220020_scRecounter_version_1_0 | SRX12501917_SRR16220020 | SRR16220020   | mouse    | 2025-11-16    | scRecounter  |        | 2025-11-16 00:56:31.654658 |                 |      | version_1_0 | 
 SRX12501917_SRR16220019_scRecounter_version_1_0 | SRX12501917_SRR16220019 | SRR16220019   | mouse    | 2025-11-16    | scRecounter  |        | 2025-11-16 00:56:31.686048 |                 |      | version_1_0 | 
 SRX12501918_SRR16220042_scRecounter_version_1_0 | SRX12501918_SRR16220042 | SRR16220042   | mouse    | 2025-11-16    | scRecounter  |        | 2025-11-16 00:56:31.735636 |                 |      | version_1_0 | 
 SRX12501918_SRR16220036_scRecounter_version_1_0 | SRX12501918_SRR16220036 | SRR16220036   | mouse    | 2025-11-16    | scRecounter  |        | 2025-11-16 00:56:31.751922 |                 |      | version_1_0 | 
 SRX12501917_SRR16220022_scRecounter_version_1_0 | SRX12501917_SRR16220022 | SRR16220022   | mouse    | 2025-11-16    | scRecounter  |        | 2025-11-16 00:56:31.759503 |                 |      | version_1_0 | 
 SRX12501919_SRR16219991_scRecounter_version_1_0 | SRX12501919_SRR16219991 | SRR16219991   | mouse    | 2025-11-16    | scRecounter  |        | 2025-11-16 00:56:31.759823 |                 |      | version_1_0 | 
 SRX12501917_SRR16220015_scRecounter_version_1_0 | SRX12501917_SRR16220015 | SRR16220015   | mouse    | 2025-11-16    | scRecounter  |        | 2025-11-16 00:56:31.772438 |                 |      | version_1_0 | 
 SRX12501918_SRR16220032_scRecounter_version_1_0 | SRX12501918_SRR16220032 | SRR16220032   | mouse    | 2025-11-16    | scRecounter  |        | 2025-11-16 00:56:31.787148 |                 |      | version_1_0 | 
 SRX12961090_SRR16760737_scRecounter_version_1_0 | SRX12961090_SRR16760737 | SRR16760737   | mouse    | 2025-11-16    | scRecounter  |        | 2025-11-16 01:00:31.516066 |                 |      | version_1_0 | 
 SRX12961093_SRR16760740_scRecounter_version_1_0 | SRX12961093_SRR16760740 | SRR16760740   | mouse    | 2025-11-16    | scRecounter  |        | 2025-11-16 02:10:34.532528 |                 |      | version_1_0 | 
 SRX12961092_SRR16760739_scRecounter_version_1_0 | SRX12961092_SRR16760739 | SRR16760739   | mouse    | 2025-11-16    | scRecounter  |        | 2025-11-16 02:10:34.562672 |                 |      | version_1_0 | 
 SRX12961091_SRR16760738_scRecounter_version_1_0 | SRX12961091_SRR16760738 | SRR16760738   | mouse    | 2025-11-16    | scRecounter  |        | 2025-11-16 02:10:34.57725  |                 |      | version_1_0 | 
 SRX12961094_SRR16760741_scRecounter_version_1_0 | SRX12961094_SRR16760741 | SRR16760741   | mouse    | 2025-11-16    | scRecounter  |        | 2025-11-16 02:10:34.728127 |                 |      | version_1_0 | 
 SRX12961097_SRR16760744_scRecounter_version_1_0 | SRX12961097_SRR16760744 | SRR16760744   | mouse    | 2025-11-16    | scRecounter  |        | 2025-11-16 02:13:52.386189 |                 |      | version_1_0 | 
 SRX12961096_SRR16760743_scRecounter_version_1_0 | SRX12961096_SRR16760743 | SRR16760743   | mouse    | 2025-11-16    | scRecounter  |        | 2025-11-16 02:13:52.437694 |                 |      | version_1_0 | 
 SRX12961095_SRR16760742_scRecounter_version_1_0 | SRX12961095_SRR16760742 | SRR16760742   | mouse    | 2025-11-16    | scRecounter  |        | 2025-11-16 02:13:52.479666 |                 |      | version_1_0 | 
 SRX12961098_SRR16760745_scRecounter_version_1_0 | SRX12961098_SRR16760745 | SRR16760745   | mouse    | 2025-11-16    | scRecounter  |        | 2025-11-16 02:16:43.253978 |                 |      | version_1_0 | 
 SRX12961099_SRR16760746_scRecounter_version_1_0 | SRX12961099_SRR16760746 | SRR16760746   | mouse    | 2025-11-16    | scRecounter  |        | 2025-11-16 02:16:43.32964  |                 |      | version_1_0 | 
 SRX12961100_SRR16760747_scRecounter_version_1_0 | SRX12961100_SRR16760747 | SRR16760747   | mouse    | 2025-11-16    | scRecounter  |        | 2025-11-16 02:16:43.3771   |                 |      | version_1_0 | 
 SRX12961101_SRR16760748_scRecounter_version_1_0 | SRX12961101_SRR16760748 | SRR16760748   | mouse    | 2025-11-16    | scRecounter  |        | 2025-11-16 02:19:27.057878 |                 |      | version_1_0 | 
 SRX13241384_SRR17052126_scRecounter_version_1_0 | SRX13241384_SRR17052126 | SRR17052126   | mouse    | 2025-11-16    | scRecounter  |        | 2025-11-16 02:59:11.762496 |                 |      | version_1_0 | 
 SRX13241385_SRR17052127_scRecounter_version_1_0 | SRX13241385_SRR17052127 | SRR17052127   | mouse    | 2025-11-16    | scRecounter  |        | 2025-11-16 02:59:11.851463 |                 |      | version_1_0 | 
 SRX11675281_SRR15372693_scRecounter_version_1_0 | SRX11675281_SRR15372693 | SRR15372693   | mouse    | 2025-11-16    | scRecounter  |        | 2025-11-16 04:16:37.543965 |                 |      | version_1_0 | 
 SRX11675280_SRR15372688_scRecounter_version_1_0 | SRX11675280_SRR15372688 | SRR15372688   | mouse    | 2025-11-16    | scRecounter  |        | 2025-11-16 04:16:37.547608 |                 |      | version_1_0 | 
 SRX11675279_SRR15372685_scRecounter_version_1_0 | SRX11675279_SRR15372685 | SRR15372685   | mouse    | 2025-11-16    | scRecounter  |        | 2025-11-16 04:16:37.565297 |                 |      | version_1_0 | 
 SRX11675281_SRR15372691_scRecounter_version_1_0 | SRX11675281_SRR15372691 | SRR15372691   | mouse    | 2025-11-16    | scRecounter  |        | 2025-11-16 04:16:37.576185 |                 |      | version_1_0 | 
 SRX11675280_SRR15372689_scRecounter_version_1_0 | SRX11675280_SRR15372689 | SRR15372689   | mouse    | 2025-11-16    | scRecounter  |        | 2025-11-16 04:16:37.58949  |                 |      | version_1_0 | 
 SRX11675282_SRR15372695_scRecounter_version_1_0 | SRX11675282_SRR15372695 | SRR15372695   | mouse    | 2025-11-16    | scRecounter  |        | 2025-11-16 04:16:37.652175 |                 |      | version_1_0 | 
 SRX11675283_SRR15372699_scRecounter_version_1_0 | SRX11675283_SRR15372699 | SRR15372699   | mouse    | 2025-11-16    | scRecounter  |        | 2025-11-16 04:16:37.653266 |                 |      | version_1_0 | 
 SRX11675280_SRR15372690_scRecounter_version_1_0 | SRX11675280_SRR15372690 | SRR15372690   | mouse    | 2025-11-16    | scRecounter  |        | 2025-11-16 04:16:37.660559 |                 |      | version_1_0 | 
 SRX11675284_SRR15372700_scRecounter_version_1_0 | SRX11675284_SRR15372700 | SRR15372700   | mouse    | 2025-11-16    | scRecounter  |        | 2025-11-16 04:16:37.664031 |                 |      | version_1_0 | 
 SRX11675284_SRR15372701_scRecounter_version_1_0 | SRX11675284_SRR15372701 | SRR15372701   | mouse    | 2025-11-16    | scRecounter  |        | 2025-11-16 04:16:37.668732 |                 |      | version_1_0 | 
 SRX11675281_SRR15372692_scRecounter_version_1_0 | SRX11675281_SRR15372692 | SRR15372692   | mouse    | 2025-11-16    | scRecounter  |        | 2025-11-16 04:16:37.676499 |                 |      | version_1_0 | 
 SRX11675283_SRR15372698_scRecounter_version_1_0 | SRX11675283_SRR15372698 | SRR15372698   | mouse    | 2025-11-16    | scRecounter  |        | 2025-11-16 04:16:37.68132  |                 |      | version_1_0 | 
 SRX11675282_SRR15372696_scRecounter_version_1_0 | SRX11675282_SRR15372696 | SRR15372696   | mouse    | 2025-11-16    | scRecounter  |        | 2025-11-16 04:16:37.686201 |                 |      | version_1_0 | 
 SRX11675284_SRR15372702_scRecounter_version_1_0 | SRX11675284_SRR15372702 | SRR15372702   | mouse    | 2025-11-16    | scRecounter  |        | 2025-11-16 04:16:37.701642 |                 |      | version_1_0 | 
 SRX11675282_SRR15372694_scRecounter_version_1_0 | SRX11675282_SRR15372694 | SRR15372694   | mouse    | 2025-11-16    | scRecounter  |        | 2025-11-16 04:16:37.727637 |                 |      | version_1_0 | 
 SRX11675283_SRR15372697_scRecounter_version_1_0 | SRX11675283_SRR15372697 | SRR15372697   | mouse    | 2025-11-16    | scRecounter  |        | 2025-11-16 04:16:37.74588  |                 |      | version_1_0 | 
 SRX11675279_SRR15372687_scRecounter_version_1_0 | SRX11675279_SRR15372687 | SRR15372687   | mouse    | 2025-11-16    | scRecounter  |        | 2025-11-16 04:16:37.794928 |                 |      | version_1_0 | 
 SRX11675279_SRR15372686_scRecounter_version_1_0 | SRX11675279_SRR15372686 | SRR15372686   | mouse    | 2025-11-16    | scRecounter  |        | 2025-11-16 04:16:37.809332 |                 |      | version_1_0 | 
 SRX11675294_SRR15372732_scRecounter_version_1_0 | SRX11675294_SRR15372732 | SRR15372732   | mouse    | 2025-11-16    | scRecounter  |        | 2025-11-16 04:20:54.28394  |                 |      | version_1_0 | 
 SRX11675293_SRR15372731_scRecounter_version_1_0 | SRX11675293_SRR15372731 | SRR15372731   | mouse    | 2025-11-16    | scRecounter  |        | 2025-11-16 04:20:54.304461 |                 |      | version_1_0 | 
 SRX11675292_SRR15372728_scRecounter_version_1_0 | SRX11675292_SRR15372728 | SRR15372728   | mouse    | 2025-11-16    | scRecounter  |        | 2025-11-16 04:20:54.328474 |                 |      | version_1_0 | 
 SRX11675287_SRR15372711_scRecounter_version_1_0 | SRX11675287_SRR15372711 | SRR15372711   | mouse    | 2025-11-16    | scRecounter  |        | 2025-11-16 04:20:54.339881 |                 |      | version_1_0 | 
 SRX11675291_SRR15372722_scRecounter_version_1_0 | SRX11675291_SRR15372722 | SRR15372722   | mouse    | 2025-11-16    | scRecounter  |        | 2025-11-16 04:20:54.425508 |                 |      | version_1_0 | 
 SRX11675290_SRR15372720_scRecounter_version_1_0 | SRX11675290_SRR15372720 | SRR15372720   | mouse    | 2025-11-16    | scRecounter  |        | 2025-11-16 04:20:54.441363 |                 |      | version_1_0 | 
 SRX11675293_SRR15372729_scRecounter_version_1_0 | SRX11675293_SRR15372729 | SRR15372729   | mouse    | 2025-11-16    | scRecounter  |        | 2025-11-16 04:20:54.468025 |                 |      | version_1_0 | 
 SRX11675289_SRR15372716_scRecounter_version_1_0 | SRX11675289_SRR15372716 | SRR15372716   | mouse    | 2025-11-16    | scRecounter  |        | 2025-11-16 04:20:54.492703 |                 |      | version_1_0 | 
 SRX11675296_SRR15372740_scRecounter_version_1_0 | SRX11675296_SRR15372740 | SRR15372740   | mouse    | 2025-11-16    | scRecounter  |        | 2025-11-16 04:20:54.604629 |                 |      | version_1_0 | 
 SRX11675285_SRR15372704_scRecounter_version_1_0 | SRX11675285_SRR15372704 | SRR15372704   | mouse    | 2025-11-16    | scRecounter  |        | 2025-11-16 04:20:54.63386  |                 |      | version_1_0 | 
 SRX11675288_SRR15372713_scRecounter_version_1_0 | SRX11675288_SRR15372713 | SRR15372713   | mouse    | 2025-11-16    | scRecounter  |        | 2025-11-16 04:20:54.644827 |                 |      | version_1_0 | 
 SRX11675295_SRR15372735_scRecounter_version_1_0 | SRX11675295_SRR15372735 | SRR15372735   | mouse    | 2025-11-16    | scRecounter  |        | 2025-11-16 04:20:54.653762 |                 |      | version_1_0 | 
 SRX11675285_SRR15372705_scRecounter_version_1_0 | SRX11675285_SRR15372705 | SRR15372705   | mouse    | 2025-11-16    | scRecounter  |        | 2025-11-16 04:20:54.680872 |                 |      | version_1_0 | 
 SRX11675286_SRR15372707_scRecounter_version_1_0 | SRX11675286_SRR15372707 | SRR15372707   | mouse    | 2025-11-16    | scRecounter  |        | 2025-11-16 04:20:54.683498 |                 |      | version_1_0 | 
 SRX11675287_SRR15372710_scRecounter_version_1_0 | SRX11675287_SRR15372710 | SRR15372710   | mouse    | 2025-11-16    | scRecounter  |        | 2025-11-16 04:20:54.692883 |                 |      | version_1_0 | 
 SRX11675290_SRR15372721_scRecounter_version_1_0 | SRX11675290_SRR15372721 | SRR15372721   | mouse    | 2025-11-16    | scRecounter  |        | 2025-11-16 04:20:54.692619 |                 |      | version_1_0 | 
 SRX11675286_SRR15372708_scRecounter_version_1_0 | SRX11675286_SRR15372708 | SRR15372708   | mouse    | 2025-11-16    | scRecounter  |        | 2025-11-16 04:20:54.693408 |                 |      | version_1_0 | 
 SRX11675286_SRR15372706_scRecounter_version_1_0 | SRX11675286_SRR15372706 | SRR15372706   | mouse    | 2025-11-16    | scRecounter  |        | 2025-11-16 04:20:54.697031 |                 |      | version_1_0 | 
 SRX11675285_SRR15372703_scRecounter_version_1_0 | SRX11675285_SRR15372703 | SRR15372703   | mouse    | 2025-11-16    | scRecounter  |        | 2025-11-16 04:20:54.701668 |                 |      | version_1_0 | 
 SRX11675291_SRR15372724_scRecounter_version_1_0 | SRX11675291_SRR15372724 | SRR15372724   | mouse    | 2025-11-16    | scRecounter  |        | 2025-11-16 04:20:54.710969 |                 |      | version_1_0 | 
 SRX11675294_SRR15372734_scRecounter_version_1_0 | SRX11675294_SRR15372734 | SRR15372734   | mouse    | 2025-11-16    | scRecounter  |        | 2025-11-16 04:20:54.723927 |                 |      | version_1_0 | 
 SRX11675295_SRR15372736_scRecounter_version_1_0 | SRX11675295_SRR15372736 | SRR15372736   | mouse    | 2025-11-16    | scRecounter  |        | 2025-11-16 04:20:54.738187 |                 |      | version_1_0 | 
 SRX11675288_SRR15372714_scRecounter_version_1_0 | SRX11675288_SRR15372714 | SRR15372714   | mouse    | 2025-11-16    | scRecounter  |        | 2025-11-16 04:20:54.749293 |                 |      | version_1_0 | 
 SRX11675291_SRR15372723_scRecounter_version_1_0 | SRX11675291_SRR15372723 | SRR15372723   | mouse    | 2025-11-16    | scRecounter  |        | 2025-11-16 04:20:54.752403 |                 |      | version_1_0 | 
 SRX11675290_SRR15372719_scRecounter_version_1_0 | SRX11675290_SRR15372719 | SRR15372719   | mouse    | 2025-11-16    | scRecounter  |        | 2025-11-16 04:20:54.760394 |                 |      | version_1_0 | 
 SRX11675295_SRR15372737_scRecounter_version_1_0 | SRX11675295_SRR15372737 | SRR15372737   | mouse    | 2025-11-16    | scRecounter  |        | 2025-11-16 04:20:54.760394 |                 |      | version_1_0 | 
 SRX11675294_SRR15372733_scRecounter_version_1_0 | SRX11675294_SRR15372733 | SRR15372733   | mouse    | 2025-11-16    | scRecounter  |        | 2025-11-16 04:20:54.765448 |                 |      | version_1_0 | 
 SRX11675289_SRR15372718_scRecounter_version_1_0 | SRX11675289_SRR15372718 | SRR15372718   | mouse    | 2025-11-16    | scRecounter  |        | 2025-11-16 04:20:54.767282 |                 |      | version_1_0 | 
 SRX11675292_SRR15372727_scRecounter_version_1_0 | SRX11675292_SRR15372727 | SRR15372727   | mouse    | 2025-11-16    | scRecounter  |        | 2025-11-16 04:20:54.790056 |                 |      | version_1_0 | 
 SRX11675296_SRR15372738_scRecounter_version_1_0 | SRX11675296_SRR15372738 | SRR15372738   | mouse    | 2025-11-16    | scRecounter  |        | 2025-11-16 04:20:54.80299  |                 |      | version_1_0 | 
 SRX11675287_SRR15372709_scRecounter_version_1_0 | SRX11675287_SRR15372709 | SRR15372709   | mouse    | 2025-11-16    | scRecounter  |        | 2025-11-16 04:20:54.807956 |                 |      | version_1_0 | 
 SRX11675288_SRR15372712_scRecounter_version_1_0 | SRX11675288_SRR15372712 | SRR15372712   | mouse    | 2025-11-16    | scRecounter  |        | 2025-11-16 04:20:54.815581 |                 |      | version_1_0 | 
 SRX11675296_SRR15372739_scRecounter_version_1_0 | SRX11675296_SRR15372739 | SRR15372739   | mouse    | 2025-11-16    | scRecounter  |        | 2025-11-16 04:20:54.833366 |                 |      | version_1_0 | 
 SRX11675292_SRR15372726_scRecounter_version_1_0 | SRX11675292_SRR15372726 | SRR15372726   | mouse    | 2025-11-16    | scRecounter  |        | 2025-11-16 04:20:54.904367 |                 |      | version_1_0 | 
 SRX11675289_SRR15372715_scRecounter_version_1_0 | SRX11675289_SRR15372715 | SRR15372715   | mouse    | 2025-11-16    | scRecounter  |        | 2025-11-16 04:20:54.915152 |                 |      | version_1_0 | 
 SRX11675293_SRR15372730_scRecounter_version_1_0 | SRX11675293_SRR15372730 | SRR15372730   | mouse    | 2025-11-16    | scRecounter  |        | 2025-11-16 04:20:54.93811  |                 |      | version_1_0 | 
 SRX11675297_SRR15372742_scRecounter_version_1_0 | SRX11675297_SRR15372742 | SRR15372742   | mouse    | 2025-11-16    | scRecounter  |        | 2025-11-16 04:28:26.624463 |                 |      | version_1_0 | 
 SRX11675297_SRR15372743_scRecounter_version_1_0 | SRX11675297_SRR15372743 | SRR15372743   | mouse    | 2025-11-16    | scRecounter  |        | 2025-11-16 04:28:26.679497 |                 |      | version_1_0 | 
 SRX11675297_SRR15372741_scRecounter_version_1_0 | SRX11675297_SRR15372741 | SRR15372741   | mouse    | 2025-11-16    | scRecounter  |        | 2025-11-16 04:28:26.680983 |                 |      | version_1_0 | 
 SRX11907480_SRR15610182_scRecounter_version_1_0 | SRX11907480_SRR15610182 | SRR15610182   | mouse    | 2025-11-16    | scRecounter  |        | 2025-11-16 05:17:13.360334 |                 |      | version_1_0 | 
 SRX11907481_SRR15610183_scRecounter_version_1_0 | SRX11907481_SRR15610183 | SRR15610183   | mouse    | 2025-11-16    | scRecounter  |        | 2025-11-16 05:17:13.381547 |                 |      | version_1_0 | 
 SRX11907482_SRR15610184_scRecounter_version_1_0 | SRX11907482_SRR15610184 | SRR15610184   | mouse    | 2025-11-16    | scRecounter  |        | 2025-11-16 06:05:04.353704 |                 |      | version_1_0 | 
 SRX11907487_SRR15610189_scRecounter_version_1_0 | SRX11907487_SRR15610189 | SRR15610189   | mouse    | 2025-11-16    | scRecounter  |        | 2025-11-16 06:05:04.392717 |                 |      | version_1_0 | 
 SRX11907483_SRR15610185_scRecounter_version_1_0 | SRX11907483_SRR15610185 | SRR15610185   | mouse    | 2025-11-16    | scRecounter  |        | 2025-11-16 06:05:04.43271  |                 |      | version_1_0 | 
 SRX11907484_SRR15610186_scRecounter_version_1_0 | SRX11907484_SRR15610186 | SRR15610186   | mouse    | 2025-11-16    | scRecounter  |        | 2025-11-16 06:05:04.464548 |                 |      | version_1_0 | 
 SRX11907488_SRR15610190_scRecounter_version_1_0 | SRX11907488_SRR15610190 | SRR15610190   | mouse    | 2025-11-16    | scRecounter  |        | 2025-11-16 06:05:04.466789 |                 |      | version_1_0 | 
 SRX11907486_SRR15610188_scRecounter_version_1_0 | SRX11907486_SRR15610188 | SRR15610188   | mouse    | 2025-11-16    | scRecounter  |        | 2025-11-16 06:05:04.477142 |                 |      | version_1_0 | 
 SRX11907485_SRR15610187_scRecounter_version_1_0 | SRX11907485_SRR15610187 | SRR15610187   | mouse    | 2025-11-16    | scRecounter  |        | 2025-11-16 06:05:04.556032 |                 |      | version_1_0 | 
 SRX11907490_SRR15610192_scRecounter_version_1_0 | SRX11907490_SRR15610192 | SRR15610192   | mouse    | 2025-11-16    | scRecounter  |        | 2025-11-16 06:10:24.149211 |                 |      | version_1_0 | 
 SRX11907491_SRR15610193_scRecounter_version_1_0 | SRX11907491_SRR15610193 | SRR15610193   | mouse    | 2025-11-16    | scRecounter  |        | 2025-11-16 06:10:24.223066 |                 |      | version_1_0 | 
 SRX11907489_SRR15610191_scRecounter_version_1_0 | SRX11907489_SRR15610191 | SRR15610191   | mouse    | 2025-11-16    | scRecounter  |        | 2025-11-16 06:10:24.321291 |                 |      | version_1_0 | 
 SRX11450618_SRR15143188_scRecounter_version_1_0 | SRX11450618_SRR15143188 | SRR15143188   | mouse    | 2025-11-16    | scRecounter  |        | 2025-11-16 07:54:30.731123 |                 |      | version_1_0 | 
 SRX11450623_SRR15143193_scRecounter_version_1_0 | SRX11450623_SRR15143193 | SRR15143193   | mouse    | 2025-11-16    | scRecounter  |        | 2025-11-16 07:54:30.774023 |                 |      | version_1_0 | 
 SRX11450587_SRR15143157_scRecounter_version_1_0 | SRX11450587_SRR15143157 | SRR15143157   | mouse    | 2025-11-16    | scRecounter  |        | 2025-11-16 07:54:30.834855 |                 |      | version_1_0 | 
 SRX11450617_SRR15143187_scRecounter_version_1_0 | SRX11450617_SRR15143187 | SRR15143187   | mouse    | 2025-11-16    | scRecounter  |        | 2025-11-16 07:54:30.919939 |                 |      | version_1_0 | 
 SRX11450599_SRR15143169_scRecounter_version_1_0 | SRX11450599_SRR15143169 | SRR15143169   | mouse    | 2025-11-16    | scRecounter  |        | 2025-11-16 07:54:30.986692 |                 |      | version_1_0 | 
 SRX11450579_SRR15143149_scRecounter_version_1_0 | SRX11450579_SRR15143149 | SRR15143149   | mouse    | 2025-11-16    | scRecounter  |        | 2025-11-16 07:54:30.996853 |                 |      | version_1_0 | 
 SRX11450624_SRR15143194_scRecounter_version_1_0 | SRX11450624_SRR15143194 | SRR15143194   | mouse    | 2025-11-16    | scRecounter  |        | 2025-11-16 07:54:31.014368 |                 |      | version_1_0 | 
 SRX11450607_SRR15143177_scRecounter_version_1_0 | SRX11450607_SRR15143177 | SRR15143177   | mouse    | 2025-11-16    | scRecounter  |        | 2025-11-16 07:54:31.084079 |                 |      | version_1_0 | 
 SRX11450622_SRR15143192_scRecounter_version_1_0 | SRX11450622_SRR15143192 | SRR15143192   | mouse    | 2025-11-16    | scRecounter  |        | 2025-11-16 07:54:31.124557 |                 |      | version_1_0 | 
 SRX11450616_SRR15143186_scRecounter_version_1_0 | SRX11450616_SRR15143186 | SRR15143186   | mouse    | 2025-11-16    | scRecounter  |        | 2025-11-16 07:54:31.135203 |                 |      | version_1_0 | 
 SRX11450609_SRR15143179_scRecounter_version_1_0 | SRX11450609_SRR15143179 | SRR15143179   | mouse    | 2025-11-16    | scRecounter  |        | 2025-11-16 07:54:31.158465 |                 |      | version_1_0 | 
 SRX11450586_SRR15143156_scRecounter_version_1_0 | SRX11450586_SRR15143156 | SRR15143156   | mouse    | 2025-11-16    | scRecounter  |        | 2025-11-16 07:54:31.251302 |                 |      | version_1_0 | 
 SRX11450615_SRR15143185_scRecounter_version_1_0 | SRX11450615_SRR15143185 | SRR15143185   | mouse    | 2025-11-16    | scRecounter  |        | 2025-11-16 07:54:31.267217 |                 |      | version_1_0 | 
 SRX11450596_SRR15143166_scRecounter_version_1_0 | SRX11450596_SRR15143166 | SRR15143166   | mouse    | 2025-11-16    | scRecounter  |        | 2025-11-16 07:54:31.303937 |                 |      | version_1_0 | 
 SRX11450595_SRR15143165_scRecounter_version_1_0 | SRX11450595_SRR15143165 | SRR15143165   | mouse    | 2025-11-16    | scRecounter  |        | 2025-11-16 07:54:31.307979 |                 |      | version_1_0 | 
 SRX11450600_SRR15143170_scRecounter_version_1_0 | SRX11450600_SRR15143170 | SRR15143170   | mouse    | 2025-11-16    | scRecounter  |        | 2025-11-16 07:54:31.303154 |                 |      | version_1_0 | 
 SRX11450621_SRR15143191_scRecounter_version_1_0 | SRX11450621_SRR15143191 | SRR15143191   | mouse    | 2025-11-16    | scRecounter  |        | 2025-11-16 07:54:31.328481 |                 |      | version_1_0 | 
 SRX11450588_SRR15143158_scRecounter_version_1_0 | SRX11450588_SRR15143158 | SRR15143158   | mouse    | 2025-11-16    | scRecounter  |        | 2025-11-16 07:54:31.332241 |                 |      | version_1_0 | 
 SRX11450578_SRR15143148_scRecounter_version_1_0 | SRX11450578_SRR15143148 | SRR15143148   | mouse    | 2025-11-16    | scRecounter  |        | 2025-11-16 07:54:31.342231 |                 |      | version_1_0 | 
 SRX11450582_SRR15143152_scRecounter_version_1_0 | SRX11450582_SRR15143152 | SRR15143152   | mouse    | 2025-11-16    | scRecounter  |        | 2025-11-16 07:54:31.372082 |                 |      | version_1_0 | 
 SRX11450608_SRR15143178_scRecounter_version_1_0 | SRX11450608_SRR15143178 | SRR15143178   | mouse    | 2025-11-16    | scRecounter  |        | 2025-11-16 07:54:31.394093 |                 |      | version_1_0 | 
 SRX11450584_SRR15143154_scRecounter_version_1_0 | SRX11450584_SRR15143154 | SRR15143154   | mouse    | 2025-11-16    | scRecounter  |        | 2025-11-16 07:54:31.437428 |                 |      | version_1_0 | 
 SRX11450626_SRR15143196_scRecounter_version_1_0 | SRX11450626_SRR15143196 | SRR15143196   | mouse    | 2025-11-16    | scRecounter  |        | 2025-11-16 07:54:31.449705 |                 |      | version_1_0 | 
 SRX11450610_SRR15143180_scRecounter_version_1_0 | SRX11450610_SRR15143180 | SRR15143180   | mouse    | 2025-11-16    | scRecounter  |        | 2025-11-16 07:54:31.460092 |                 |      | version_1_0 | 
 SRX11450611_SRR15143181_scRecounter_version_1_0 | SRX11450611_SRR15143181 | SRR15143181   | mouse    | 2025-11-16    | scRecounter  |        | 2025-11-16 07:54:31.515695 |                 |      | version_1_0 | 
 SRX11450593_SRR15143163_scRecounter_version_1_0 | SRX11450593_SRR15143163 | SRR15143163   | mouse    | 2025-11-16    | scRecounter  |        | 2025-11-16 07:54:31.517115 |                 |      | version_1_0 | 
 SRX11450594_SRR15143164_scRecounter_version_1_0 | SRX11450594_SRR15143164 | SRR15143164   | mouse    | 2025-11-16    | scRecounter  |        | 2025-11-16 07:54:31.520511 |                 |      | version_1_0 | 
 SRX11450605_SRR15143175_scRecounter_version_1_0 | SRX11450605_SRR15143175 | SRR15143175   | mouse    | 2025-11-16    | scRecounter  |        | 2025-11-16 07:54:31.526805 |                 |      | version_1_0 | 
 SRX11450590_SRR15143160_scRecounter_version_1_0 | SRX11450590_SRR15143160 | SRR15143160   | mouse    | 2025-11-16    | scRecounter  |        | 2025-11-16 07:54:31.542746 |                 |      | version_1_0 | 
 SRX11450612_SRR15143182_scRecounter_version_1_0 | SRX11450612_SRR15143182 | SRR15143182   | mouse    | 2025-11-16    | scRecounter  |        | 2025-11-16 07:54:31.57027  |                 |      | version_1_0 | 
 SRX11450597_SRR15143167_scRecounter_version_1_0 | SRX11450597_SRR15143167 | SRR15143167   | mouse    | 2025-11-16    | scRecounter  |        | 2025-11-16 07:54:31.574771 |                 |      | version_1_0 | 
 SRX11450589_SRR15143159_scRecounter_version_1_0 | SRX11450589_SRR15143159 | SRR15143159   | mouse    | 2025-11-16    | scRecounter  |        | 2025-11-16 07:54:31.579549 |                 |      | version_1_0 | 
 SRX11450591_SRR15143161_scRecounter_version_1_0 | SRX11450591_SRR15143161 | SRR15143161   | mouse    | 2025-11-16    | scRecounter  |        | 2025-11-16 07:54:31.583796 |                 |      | version_1_0 | 
 SRX11450598_SRR15143168_scRecounter_version_1_0 | SRX11450598_SRR15143168 | SRR15143168   | mouse    | 2025-11-16    | scRecounter  |        | 2025-11-16 07:54:31.591408 |                 |      | version_1_0 | 
 SRX11450627_SRR15143197_scRecounter_version_1_0 | SRX11450627_SRR15143197 | SRR15143197   | mouse    | 2025-11-16    | scRecounter  |        | 2025-11-16 07:54:31.609345 |                 |      | version_1_0 | 
 SRX11450585_SRR15143155_scRecounter_version_1_0 | SRX11450585_SRR15143155 | SRR15143155   | mouse    | 2025-11-16    | scRecounter  |        | 2025-11-16 07:54:31.611523 |                 |      | version_1_0 | 
 SRX11450614_SRR15143184_scRecounter_version_1_0 | SRX11450614_SRR15143184 | SRR15143184   | mouse    | 2025-11-16    | scRecounter  |        | 2025-11-16 07:54:31.62707  |                 |      | version_1_0 | 
 SRX11450601_SRR15143171_scRecounter_version_1_0 | SRX11450601_SRR15143171 | SRR15143171   | mouse    | 2025-11-16    | scRecounter  |        | 2025-11-16 07:54:31.645021 |                 |      | version_1_0 | 
 SRX11450619_SRR15143189_scRecounter_version_1_0 | SRX11450619_SRR15143189 | SRR15143189   | mouse    | 2025-11-16    | scRecounter  |        | 2025-11-16 07:54:31.656174 |                 |      | version_1_0 | 
 SRX11450592_SRR15143162_scRecounter_version_1_0 | SRX11450592_SRR15143162 | SRR15143162   | mouse    | 2025-11-16    | scRecounter  |        | 2025-11-16 07:54:31.670144 |                 |      | version_1_0 | 
 SRX11450604_SRR15143174_scRecounter_version_1_0 | SRX11450604_SRR15143174 | SRR15143174   | mouse    | 2025-11-16    | scRecounter  |        | 2025-11-16 07:54:31.688963 |                 |      | version_1_0 | 
 SRX11450581_SRR15143151_scRecounter_version_1_0 | SRX11450581_SRR15143151 | SRR15143151   | mouse    | 2025-11-16    | scRecounter  |        | 2025-11-16 07:54:31.691456 |                 |      | version_1_0 | 
 SRX11450613_SRR15143183_scRecounter_version_1_0 | SRX11450613_SRR15143183 | SRR15143183   | mouse    | 2025-11-16    | scRecounter  |        | 2025-11-16 07:54:31.706546 |                 |      | version_1_0 | 
 SRX11450580_SRR15143150_scRecounter_version_1_0 | SRX11450580_SRR15143150 | SRR15143150   | mouse    | 2025-11-16    | scRecounter  |        | 2025-11-16 07:54:31.724031 |                 |      | version_1_0 | 
 SRX11450606_SRR15143176_scRecounter_version_1_0 | SRX11450606_SRR15143176 | SRR15143176   | mouse    | 2025-11-16    | scRecounter  |        | 2025-11-16 07:54:31.737749 |                 |      | version_1_0 | 
 SRX11450603_SRR15143173_scRecounter_version_1_0 | SRX11450603_SRR15143173 | SRR15143173   | mouse    | 2025-11-16    | scRecounter  |        | 2025-11-16 07:54:31.740564 |                 |      | version_1_0 | 
 SRX11450583_SRR15143153_scRecounter_version_1_0 | SRX11450583_SRR15143153 | SRR15143153   | mouse    | 2025-11-16    | scRecounter  |        | 2025-11-16 07:54:31.767433 |                 |      | version_1_0 | 
 SRX11450625_SRR15143195_scRecounter_version_1_0 | SRX11450625_SRR15143195 | SRR15143195   | mouse    | 2025-11-16    | scRecounter  |        | 2025-11-16 07:54:31.765635 |                 |      | version_1_0 | 
 SRX11450620_SRR15143190_scRecounter_version_1_0 | SRX11450620_SRR15143190 | SRR15143190   | mouse    | 2025-11-16    | scRecounter  |        | 2025-11-16 07:54:31.814325 |                 |      | version_1_0 | 
 SRX11450602_SRR15143172_scRecounter_version_1_0 | SRX11450602_SRR15143172 | SRR15143172   | mouse    | 2025-11-16    | scRecounter  |        | 2025-11-16 07:54:31.847354 |                 |      | version_1_0 | 
 SRX11440317_SRR15132658_scRecounter_version_1_0 | SRX11440317_SRR15132658 | SRR15132658   | mouse    | 2025-11-16    | scRecounter  |        | 2025-11-16 09:09:59.471875 |                 |      | version_1_0 | 
 SRX10124087_SRR13736570_scRecounter_version_1_0 | SRX10124087_SRR13736570 | SRR13736570   | mouse    | 2025-11-16    | scRecounter  |        | 2025-11-16 09:09:59.576413 |                 |      | version_1_0 | 
 SRX10167848_SRR13782542_scRecounter_version_1_0 | SRX10167848_SRR13782542 | SRR13782542   | mouse    | 2025-11-16    | scRecounter  |        | 2025-11-16 09:11:01.078661 |                 |      | version_1_0 | 
 SRX10167846_SRR13782535_scRecounter_version_1_0 | SRX10167846_SRR13782535 | SRR13782535   | mouse    | 2025-11-16    | scRecounter  |        | 2025-11-16 09:11:01.1505   |                 |      | version_1_0 | 
 SRX10167845_SRR13782533_scRecounter_version_1_0 | SRX10167845_SRR13782533 | SRR13782533   | mouse    | 2025-11-16    | scRecounter  |        | 2025-11-16 09:11:01.17383  |                 |      | version_1_0 | 
 SRX10167847_SRR13782540_scRecounter_version_1_0 | SRX10167847_SRR13782540 | SRR13782540   | mouse    | 2025-11-16    | scRecounter  |        | 2025-11-16 09:11:01.177904 |                 |      | version_1_0 | 
 SRX10167848_SRR13782543_scRecounter_version_1_0 | SRX10167848_SRR13782543 | SRR13782543   | mouse    | 2025-11-16    | scRecounter  |        | 2025-11-16 09:11:01.188172 |                 |      | version_1_0 | 
 SRX10167845_SRR13782534_scRecounter_version_1_0 | SRX10167845_SRR13782534 | SRR13782534   | mouse    | 2025-11-16    | scRecounter  |        | 2025-11-16 09:11:01.194364 |                 |      | version_1_0 | 
 SRX10167844_SRR13782531_scRecounter_version_1_0 | SRX10167844_SRR13782531 | SRR13782531   | mouse    | 2025-11-16    | scRecounter  |        | 2025-11-16 09:11:01.213077 |                 |      | version_1_0 | 
 SRX10167846_SRR13782536_scRecounter_version_1_0 | SRX10167846_SRR13782536 | SRR13782536   | mouse    | 2025-11-16    | scRecounter  |        | 2025-11-16 09:11:01.217912 |                 |      | version_1_0 | 
 SRX10167846_SRR13782537_scRecounter_version_1_0 | SRX10167846_SRR13782537 | SRR13782537   | mouse    | 2025-11-16    | scRecounter  |        | 2025-11-16 09:11:01.221182 |                 |      | version_1_0 | 
 SRX10167844_SRR13782529_scRecounter_version_1_0 | SRX10167844_SRR13782529 | SRR13782529   | mouse    | 2025-11-16    | scRecounter  |        | 2025-11-16 09:11:01.227623 |                 |      | version_1_0 | 
 SRX10167844_SRR13782530_scRecounter_version_1_0 | SRX10167844_SRR13782530 | SRR13782530   | mouse    | 2025-11-16    | scRecounter  |        | 2025-11-16 09:11:01.240366 |                 |      | version_1_0 | 
 SRX10167847_SRR13782539_scRecounter_version_1_0 | SRX10167847_SRR13782539 | SRR13782539   | mouse    | 2025-11-16    | scRecounter  |        | 2025-11-16 09:11:01.260527 |                 |      | version_1_0 | 
 SRX10167847_SRR13782538_scRecounter_version_1_0 | SRX10167847_SRR13782538 | SRR13782538   | mouse    | 2025-11-16    | scRecounter  |        | 2025-11-16 09:11:01.298096 |                 |      | version_1_0 | 
 SRX10167848_SRR13782541_scRecounter_version_1_0 | SRX10167848_SRR13782541 | SRR13782541   | mouse    | 2025-11-16    | scRecounter  |        | 2025-11-16 09:11:01.300386 |                 |      | version_1_0 | 
 SRX10167845_SRR13782532_scRecounter_version_1_0 | SRX10167845_SRR13782532 | SRR13782532   | mouse    | 2025-11-16    | scRecounter  |        | 2025-11-16 09:11:01.371995 |                 |      | version_1_0 | 
 SRX10167851_SRR13782551_scRecounter_version_1_0 | SRX10167851_SRR13782551 | SRR13782551   | mouse    | 2025-11-16    | scRecounter  |        | 2025-11-16 09:16:26.099345 |                 |      | version_1_0 | 
 SRX10167854_SRR13782561_scRecounter_version_1_0 | SRX10167854_SRR13782561 | SRR13782561   | mouse    | 2025-11-16    | scRecounter  |        | 2025-11-16 09:16:26.099347 |                 |      | version_1_0 | 
 SRX10167851_SRR13782552_scRecounter_version_1_0 | SRX10167851_SRR13782552 | SRR13782552   | mouse    | 2025-11-16    | scRecounter  |        | 2025-11-16 09:16:26.117349 |                 |      | version_1_0 | 
 SRX10167849_SRR13782544_scRecounter_version_1_0 | SRX10167849_SRR13782544 | SRR13782544   | mouse    | 2025-11-16    | scRecounter  |        | 2025-11-16 09:16:26.121546 |                 |      | version_1_0 | 
 SRX10167850_SRR13782547_scRecounter_version_1_0 | SRX10167850_SRR13782547 | SRR13782547   | mouse    | 2025-11-16    | scRecounter  |        | 2025-11-16 09:16:26.126907 |                 |      | version_1_0 | 
 SRX10167849_SRR13782546_scRecounter_version_1_0 | SRX10167849_SRR13782546 | SRR13782546   | mouse    | 2025-11-16    | scRecounter  |        | 2025-11-16 09:16:26.142285 |                 |      | version_1_0 | 
 SRX10167852_SRR13782554_scRecounter_version_1_0 | SRX10167852_SRR13782554 | SRR13782554   | mouse    | 2025-11-16    | scRecounter  |        | 2025-11-16 09:16:26.161092 |                 |      | version_1_0 | 
 SRX10167853_SRR13782558_scRecounter_version_1_0 | SRX10167853_SRR13782558 | SRR13782558   | mouse    | 2025-11-16    | scRecounter  |        | 2025-11-16 09:16:26.162552 |                 |      | version_1_0 | 
 SRX10167851_SRR13782550_scRecounter_version_1_0 | SRX10167851_SRR13782550 | SRR13782550   | mouse    | 2025-11-16    | scRecounter  |        | 2025-11-16 09:16:26.206868 |                 |      | version_1_0 | 
 SRX10167852_SRR13782553_scRecounter_version_1_0 | SRX10167852_SRR13782553 | SRR13782553   | mouse    | 2025-11-16    | scRecounter  |        | 2025-11-16 09:16:26.225955 |                 |      | version_1_0 | 
 SRX10167852_SRR13782555_scRecounter_version_1_0 | SRX10167852_SRR13782555 | SRR13782555   | mouse    | 2025-11-16    | scRecounter  |        | 2025-11-16 09:16:26.228679 |                 |      | version_1_0 | 
 SRX10167850_SRR13782549_scRecounter_version_1_0 | SRX10167850_SRR13782549 | SRR13782549   | mouse    | 2025-11-16    | scRecounter  |        | 2025-11-16 09:16:26.23479  |                 |      | version_1_0 | 
 SRX10167849_SRR13782545_scRecounter_version_1_0 | SRX10167849_SRR13782545 | SRR13782545   | mouse    | 2025-11-16    | scRecounter  |        | 2025-11-16 09:16:26.241648 |                 |      | version_1_0 | 
 SRX10167854_SRR13782559_scRecounter_version_1_0 | SRX10167854_SRR13782559 | SRR13782559   | mouse    | 2025-11-16    | scRecounter  |        | 2025-11-16 09:16:26.296742 |                 |      | version_1_0 | 
 SRX10167853_SRR13782556_scRecounter_version_1_0 | SRX10167853_SRR13782556 | SRR13782556   | mouse    | 2025-11-16    | scRecounter  |        | 2025-11-16 09:16:26.313333 |                 |      | version_1_0 | 
 SRX10167854_SRR13782560_scRecounter_version_1_0 | SRX10167854_SRR13782560 | SRR13782560   | mouse    | 2025-11-16    | scRecounter  |        | 2025-11-16 09:16:26.322838 |                 |      | version_1_0 | 
 SRX10167853_SRR13782557_scRecounter_version_1_0 | SRX10167853_SRR13782557 | SRR13782557   | mouse    | 2025-11-16    | scRecounter  |        | 2025-11-16 09:16:26.327932 |                 |      | version_1_0 | 
 SRX10167850_SRR13782548_scRecounter_version_1_0 | SRX10167850_SRR13782548 | SRR13782548   | mouse    | 2025-11-16    | scRecounter  |        | 2025-11-16 09:16:26.361195 |                 |      | version_1_0 | 
 SRX10167856_SRR13782565_scRecounter_version_1_0 | SRX10167856_SRR13782565 | SRR13782565   | mouse    | 2025-11-16    | scRecounter  |        | 2025-11-16 09:22:32.114334 |                 |      | version_1_0 | 
 SRX10167858_SRR13782572_scRecounter_version_1_0 | SRX10167858_SRR13782572 | SRR13782572   | mouse    | 2025-11-16    | scRecounter  |        | 2025-11-16 09:22:32.129303 |                 |      | version_1_0 | 
 SRX10167855_SRR13782563_scRecounter_version_1_0 | SRX10167855_SRR13782563 | SRR13782563   | mouse    | 2025-11-16    | scRecounter  |        | 2025-11-16 09:22:32.150572 |                 |      | version_1_0 | 
 SRX10167857_SRR13782570_scRecounter_version_1_0 | SRX10167857_SRR13782570 | SRR13782570   | mouse    | 2025-11-16    | scRecounter  |        | 2025-11-16 09:22:32.167419 |                 |      | version_1_0 | 
 SRX10167858_SRR13782573_scRecounter_version_1_0 | SRX10167858_SRR13782573 | SRR13782573   | mouse    | 2025-11-16    | scRecounter  |        | 2025-11-16 09:22:32.170483 |                 |      | version_1_0 | 
 SRX10167856_SRR13782567_scRecounter_version_1_0 | SRX10167856_SRR13782567 | SRR13782567   | mouse    | 2025-11-16    | scRecounter  |        | 2025-11-16 09:22:32.20237  |                 |      | version_1_0 | 
 SRX10167856_SRR13782566_scRecounter_version_1_0 | SRX10167856_SRR13782566 | SRR13782566   | mouse    | 2025-11-16    | scRecounter  |        | 2025-11-16 09:22:32.226053 |                 |      | version_1_0 | 
 SRX10167855_SRR13782562_scRecounter_version_1_0 | SRX10167855_SRR13782562 | SRR13782562   | mouse    | 2025-11-16    | scRecounter  |        | 2025-11-16 09:22:32.22609  |                 |      | version_1_0 | 
 SRX10167859_SRR13782574_scRecounter_version_1_0 | SRX10167859_SRR13782574 | SRR13782574   | mouse    | 2025-11-16    | scRecounter  |        | 2025-11-16 09:22:32.250564 |                 |      | version_1_0 | 
 SRX10167858_SRR13782571_scRecounter_version_1_0 | SRX10167858_SRR13782571 | SRR13782571   | mouse    | 2025-11-16    | scRecounter  |        | 2025-11-16 09:22:32.25491  |                 |      | version_1_0 | 
 SRX10167857_SRR13782569_scRecounter_version_1_0 | SRX10167857_SRR13782569 | SRR13782569   | mouse    | 2025-11-16    | scRecounter  |        | 2025-11-16 09:22:32.27065  |                 |      | version_1_0 | 
 SRX10167859_SRR13782576_scRecounter_version_1_0 | SRX10167859_SRR13782576 | SRR13782576   | mouse    | 2025-11-16    | scRecounter  |        | 2025-11-16 09:22:32.276085 |                 |      | version_1_0 | 
 SRX10167855_SRR13782564_scRecounter_version_1_0 | SRX10167855_SRR13782564 | SRR13782564   | mouse    | 2025-11-16    | scRecounter  |        | 2025-11-16 09:22:32.278564 |                 |      | version_1_0 | 
 SRX10167857_SRR13782568_scRecounter_version_1_0 | SRX10167857_SRR13782568 | SRR13782568   | mouse    | 2025-11-16    | scRecounter  |        | 2025-11-16 09:22:32.28998  |                 |      | version_1_0 | 
 SRX10167859_SRR13782575_scRecounter_version_1_0 | SRX10167859_SRR13782575 | SRR13782575   | mouse    | 2025-11-16    | scRecounter  |        | 2025-11-16 09:22:32.341444 |                 |      | version_1_0 | 
 SRX10167860_SRR13782579_scRecounter_version_1_0 | SRX10167860_SRR13782579 | SRR13782579   | mouse    | 2025-11-16    | scRecounter  |        | 2025-11-16 09:27:22.423225 |                 |      | version_1_0 | 
 SRX10167861_SRR13782581_scRecounter_version_1_0 | SRX10167861_SRR13782581 | SRR13782581   | mouse    | 2025-11-16    | scRecounter  |        | 2025-11-16 09:27:22.450038 |                 |      | version_1_0 | 
 SRX10167863_SRR13782586_scRecounter_version_1_0 | SRX10167863_SRR13782586 | SRR13782586   | mouse    | 2025-11-16    | scRecounter  |        | 2025-11-16 09:27:22.474227 |                 |      | version_1_0 | 
 SRX10167861_SRR13782580_scRecounter_version_1_0 | SRX10167861_SRR13782580 | SRR13782580   | mouse    | 2025-11-16    | scRecounter  |        | 2025-11-16 09:27:22.481456 |                 |      | version_1_0 | 
 SRX10167862_SRR13782583_scRecounter_version_1_0 | SRX10167862_SRR13782583 | SRR13782583   | mouse    | 2025-11-16    | scRecounter  |        | 2025-11-16 09:27:22.484233 |                 |      | version_1_0 | 
 SRX10167862_SRR13782584_scRecounter_version_1_0 | SRX10167862_SRR13782584 | SRR13782584   | mouse    | 2025-11-16    | scRecounter  |        | 2025-11-16 09:27:22.485136 |                 |      | version_1_0 | 
 SRX10167860_SRR13782578_scRecounter_version_1_0 | SRX10167860_SRR13782578 | SRR13782578   | mouse    | 2025-11-16    | scRecounter  |        | 2025-11-16 09:27:22.485133 |                 |      | version_1_0 | 
 SRX10167864_SRR13782589_scRecounter_version_1_0 | SRX10167864_SRR13782589 | SRR13782589   | mouse    | 2025-11-16    | scRecounter  |        | 2025-11-16 09:27:22.504321 |                 |      | version_1_0 | 
 SRX10167863_SRR13782587_scRecounter_version_1_0 | SRX10167863_SRR13782587 | SRR13782587   | mouse    | 2025-11-16    | scRecounter  |        | 2025-11-16 09:27:22.539161 |                 |      | version_1_0 | 
 SRX10167864_SRR13782591_scRecounter_version_1_0 | SRX10167864_SRR13782591 | SRR13782591   | mouse    | 2025-11-16    | scRecounter  |        | 2025-11-16 09:27:22.545183 |                 |      | version_1_0 | 
 SRX10167862_SRR13782585_scRecounter_version_1_0 | SRX10167862_SRR13782585 | SRR13782585   | mouse    | 2025-11-16    | scRecounter  |        | 2025-11-16 09:27:22.554834 |                 |      | version_1_0 | 
 SRX10167863_SRR13782588_scRecounter_version_1_0 | SRX10167863_SRR13782588 | SRR13782588   | mouse    | 2025-11-16    | scRecounter  |        | 2025-11-16 09:27:22.566402 |                 |      | version_1_0 | 
 SRX10167860_SRR13782577_scRecounter_version_1_0 | SRX10167860_SRR13782577 | SRR13782577   | mouse    | 2025-11-16    | scRecounter  |        | 2025-11-16 09:27:22.581857 |                 |      | version_1_0 | 
 SRX10167861_SRR13782582_scRecounter_version_1_0 | SRX10167861_SRR13782582 | SRR13782582   | mouse    | 2025-11-16    | scRecounter  |        | 2025-11-16 09:27:22.581888 |                 |      | version_1_0 | 
 SRX10167864_SRR13782590_scRecounter_version_1_0 | SRX10167864_SRR13782590 | SRR13782590   | mouse    | 2025-11-16    | scRecounter  |        | 2025-11-16 09:27:22.669975 |                 |      | version_1_0 | 
 SRX10167869_SRR13782605_scRecounter_version_1_0 | SRX10167869_SRR13782605 | SRR13782605   | mouse    | 2025-11-16    | scRecounter  |        | 2025-11-16 09:32:21.448581 |                 |      | version_1_0 | 
 SRX10167867_SRR13782599_scRecounter_version_1_0 | SRX10167867_SRR13782599 | SRR13782599   | mouse    | 2025-11-16    | scRecounter  |        | 2025-11-16 09:32:21.447996 |                 |      | version_1_0 | 
 SRX10167867_SRR13782598_scRecounter_version_1_0 | SRX10167867_SRR13782598 | SRR13782598   | mouse    | 2025-11-16    | scRecounter  |        | 2025-11-16 09:32:21.449949 |                 |      | version_1_0 | 
 SRX10167869_SRR13782604_scRecounter_version_1_0 | SRX10167869_SRR13782604 | SRR13782604   | mouse    | 2025-11-16    | scRecounter  |        | 2025-11-16 09:32:21.452383 |                 |      | version_1_0 | 
 SRX10167868_SRR13782603_scRecounter_version_1_0 | SRX10167868_SRR13782603 | SRR13782603   | mouse    | 2025-11-16    | scRecounter  |        | 2025-11-16 09:32:21.494513 |                 |      | version_1_0 | 
 SRX10167866_SRR13782595_scRecounter_version_1_0 | SRX10167866_SRR13782595 | SRR13782595   | mouse    | 2025-11-16    | scRecounter  |        | 2025-11-16 09:32:21.5103   |                 |      | version_1_0 | 
 SRX10167865_SRR13782593_scRecounter_version_1_0 | SRX10167865_SRR13782593 | SRR13782593   | mouse    | 2025-11-16    | scRecounter  |        | 2025-11-16 09:32:21.513554 |                 |      | version_1_0 | 
 SRX10167866_SRR13782597_scRecounter_version_1_0 | SRX10167866_SRR13782597 | SRR13782597   | mouse    | 2025-11-16    | scRecounter  |        | 2025-11-16 09:32:21.524785 |                 |      | version_1_0 | 
 SRX10167866_SRR13782596_scRecounter_version_1_0 | SRX10167866_SRR13782596 | SRR13782596   | mouse    | 2025-11-16    | scRecounter  |        | 2025-11-16 09:32:21.521263 |                 |      | version_1_0 | 
 SRX10167868_SRR13782601_scRecounter_version_1_0 | SRX10167868_SRR13782601 | SRR13782601   | mouse    | 2025-11-16    | scRecounter  |        | 2025-11-16 09:32:21.527995 |                 |      | version_1_0 | 
 SRX10167869_SRR13782606_scRecounter_version_1_0 | SRX10167869_SRR13782606 | SRR13782606   | mouse    | 2025-11-16    | scRecounter  |        | 2025-11-16 09:32:21.547548 |                 |      | version_1_0 | 
 SRX10167868_SRR13782602_scRecounter_version_1_0 | SRX10167868_SRR13782602 | SRR13782602   | mouse    | 2025-11-16    | scRecounter  |        | 2025-11-16 09:32:21.554452 |                 |      | version_1_0 | 
 SRX10167865_SRR13782592_scRecounter_version_1_0 | SRX10167865_SRR13782592 | SRR13782592   | mouse    | 2025-11-16    | scRecounter  |        | 2025-11-16 09:32:21.557995 |                 |      | version_1_0 | 
 SRX10167865_SRR13782594_scRecounter_version_1_0 | SRX10167865_SRR13782594 | SRR13782594   | mouse    | 2025-11-16    | scRecounter  |        | 2025-11-16 09:32:21.5995   |                 |      | version_1_0 | 
 SRX10167867_SRR13782600_scRecounter_version_1_0 | SRX10167867_SRR13782600 | SRR13782600   | mouse    | 2025-11-16    | scRecounter  |        | 2025-11-16 09:32:21.675073 |                 |      | version_1_0 | 
 SRX10167870_SRR13782607_scRecounter_version_1_0 | SRX10167870_SRR13782607 | SRR13782607   | mouse    | 2025-11-16    | scRecounter  |        | 2025-11-16 09:37:18.854283 |                 |      | version_1_0 | 
 SRX10167873_SRR13782618_scRecounter_version_1_0 | SRX10167873_SRR13782618 | SRR13782618   | mouse    | 2025-11-16    | scRecounter  |        | 2025-11-16 09:37:18.854483 |                 |      | version_1_0 | 
 SRX10167871_SRR13782612_scRecounter_version_1_0 | SRX10167871_SRR13782612 | SRR13782612   | mouse    | 2025-11-16    | scRecounter  |        | 2025-11-16 09:37:18.860593 |                 |      | version_1_0 | 
 SRX10167870_SRR13782608_scRecounter_version_1_0 | SRX10167870_SRR13782608 | SRR13782608   | mouse    | 2025-11-16    | scRecounter  |        | 2025-11-16 09:37:18.860593 |                 |      | version_1_0 | 
 SRX10167872_SRR13782614_scRecounter_version_1_0 | SRX10167872_SRR13782614 | SRR13782614   | mouse    | 2025-11-16    | scRecounter  |        | 2025-11-16 09:37:18.877053 |                 |      | version_1_0 | 
 SRX10167874_SRR13782620_scRecounter_version_1_0 | SRX10167874_SRR13782620 | SRR13782620   | mouse    | 2025-11-16    | scRecounter  |        | 2025-11-16 09:37:18.880948 |                 |      | version_1_0 | 
 SRX10167872_SRR13782613_scRecounter_version_1_0 | SRX10167872_SRR13782613 | SRR13782613   | mouse    | 2025-11-16    | scRecounter  |        | 2025-11-16 09:37:18.887996 |                 |      | version_1_0 | 
 SRX10167873_SRR13782617_scRecounter_version_1_0 | SRX10167873_SRR13782617 | SRR13782617   | mouse    | 2025-11-16    | scRecounter  |        | 2025-11-16 09:37:18.912705 |                 |      | version_1_0 | 
 SRX10167871_SRR13782611_scRecounter_version_1_0 | SRX10167871_SRR13782611 | SRR13782611   | mouse    | 2025-11-16    | scRecounter  |        | 2025-11-16 09:37:18.912516 |                 |      | version_1_0 | 
 SRX10167873_SRR13782616_scRecounter_version_1_0 | SRX10167873_SRR13782616 | SRR13782616   | mouse    | 2025-11-16    | scRecounter  |        | 2025-11-16 09:37:18.915193 |                 |      | version_1_0 | 
 SRX10167871_SRR13782610_scRecounter_version_1_0 | SRX10167871_SRR13782610 | SRR13782610   | mouse    | 2025-11-16    | scRecounter  |        | 2025-11-16 09:37:18.914877 |                 |      | version_1_0 | 
 SRX10167874_SRR13782621_scRecounter_version_1_0 | SRX10167874_SRR13782621 | SRR13782621   | mouse    | 2025-11-16    | scRecounter  |        | 2025-11-16 09:37:18.933076 |                 |      | version_1_0 | 
 SRX10167870_SRR13782609_scRecounter_version_1_0 | SRX10167870_SRR13782609 | SRR13782609   | mouse    | 2025-11-16    | scRecounter  |        | 2025-11-16 09:37:18.967662 |                 |      | version_1_0 | 
 SRX10167874_SRR13782619_scRecounter_version_1_0 | SRX10167874_SRR13782619 | SRR13782619   | mouse    | 2025-11-16    | scRecounter  |        | 2025-11-16 09:37:18.993987 |                 |      | version_1_0 | 
 SRX10167872_SRR13782615_scRecounter_version_1_0 | SRX10167872_SRR13782615 | SRR13782615   | mouse    | 2025-11-16    | scRecounter  |        | 2025-11-16 09:37:19.063673 |                 |      | version_1_0 | 
 SRX10167875_SRR13782622_scRecounter_version_1_0 | SRX10167875_SRR13782622 | SRR13782622   | mouse    | 2025-11-16    | scRecounter  |        | 2025-11-16 09:42:16.463337 |                 |      | version_1_0 | 
 SRX10167876_SRR13782625_scRecounter_version_1_0 | SRX10167876_SRR13782625 | SRR13782625   | mouse    | 2025-11-16    | scRecounter  |        | 2025-11-16 09:42:16.503119 |                 |      | version_1_0 | 
 SRX10167875_SRR13782624_scRecounter_version_1_0 | SRX10167875_SRR13782624 | SRR13782624   | mouse    | 2025-11-16    | scRecounter  |        | 2025-11-16 09:42:16.548508 |                 |      | version_1_0 | 
 SRX10167877_SRR13782626_scRecounter_version_1_0 | SRX10167877_SRR13782626 | SRR13782626   | mouse    | 2025-11-16    | scRecounter  |        | 2025-11-16 09:42:16.552946 |                 |      | version_1_0 | 
 SRX10434582_SRR14059984_scRecounter_version_1_0 | SRX10434582_SRR14059984 | SRR14059984   | mouse    | 2025-11-16    | scRecounter  |        | 2025-11-16 09:42:16.572814 |                 |      | version_1_0 | 
 SRX10167875_SRR13782623_scRecounter_version_1_0 | SRX10167875_SRR13782623 | SRR13782623   | mouse    | 2025-11-16    | scRecounter  |        | 2025-11-16 09:42:16.610845 |                 |      | version_1_0 | 
 SRX10434583_SRR14059985_scRecounter_version_1_0 | SRX10434583_SRR14059985 | SRR14059985   | mouse    | 2025-11-16    | scRecounter  |        | 2025-11-16 09:45:45.944814 |                 |      | version_1_0 | 
 SRX10434584_SRR14059986_scRecounter_version_1_0 | SRX10434584_SRR14059986 | SRR14059986   | mouse    | 2025-11-16    | scRecounter  |        | 2025-11-16 09:45:46.046245 |                 |      | version_1_0 | 
 SRX10434585_SRR14059987_scRecounter_version_1_0 | SRX10434585_SRR14059987 | SRR14059987   | mouse    | 2025-11-16    | scRecounter  |        | 2025-11-16 09:48:02.558802 |                 |      | version_1_0 | 
 SRX11450577_SRR15143147_scRecounter_version_1_0 | SRX11450577_SRR15143147 | SRR15143147   | mouse    | 2025-11-16    | scRecounter  |        | 2025-11-16 10:26:36.709747 |                 |      | version_1_0 | 
 SRX11450564_SRR15143134_scRecounter_version_1_0 | SRX11450564_SRR15143134 | SRR15143134   | mouse    | 2025-11-16    | scRecounter  |        | 2025-11-16 10:26:36.722752 |                 |      | version_1_0 | 
 SRX11450567_SRR15143137_scRecounter_version_1_0 | SRX11450567_SRR15143137 | SRR15143137   | mouse    | 2025-11-16    | scRecounter  |        | 2025-11-16 10:26:36.729963 |                 |      | version_1_0 | 
 SRX11450574_SRR15143144_scRecounter_version_1_0 | SRX11450574_SRR15143144 | SRR15143144   | mouse    | 2025-11-16    | scRecounter  |        | 2025-11-16 10:26:36.755557 |                 |      | version_1_0 | 
 SRX11450569_SRR15143139_scRecounter_version_1_0 | SRX11450569_SRR15143139 | SRR15143139   | mouse    | 2025-11-16    | scRecounter  |        | 2025-11-16 10:26:36.806134 |                 |      | version_1_0 | 
 SRX9670669_SRR13238659_scRecounter_version_1_0  | SRX9670669_SRR13238659  | SRR13238659   | mouse    | 2025-11-16    | scRecounter  |        | 2025-11-16 10:26:36.81154  |                 |      | version_1_0 | 
 SRX11450575_SRR15143145_scRecounter_version_1_0 | SRX11450575_SRR15143145 | SRR15143145   | mouse    | 2025-11-16    | scRecounter  |        | 2025-11-16 10:26:36.854296 |                 |      | version_1_0 | 
 SRX9670667_SRR13238655_scRecounter_version_1_0  | SRX9670667_SRR13238655  | SRR13238655   | mouse    | 2025-11-16    | scRecounter  |        | 2025-11-16 10:26:36.883174 |                 |      | version_1_0 | 
 SRX11450570_SRR15143140_scRecounter_version_1_0 | SRX11450570_SRR15143140 | SRR15143140   | mouse    | 2025-11-16    | scRecounter  |        | 2025-11-16 10:26:36.891999 |                 |      | version_1_0 | 
 SRX9670669_SRR13238660_scRecounter_version_1_0  | SRX9670669_SRR13238660  | SRR13238660   | mouse    | 2025-11-16    | scRecounter  |        | 2025-11-16 10:26:36.904196 |                 |      | version_1_0 | 
 SRX9670667_SRR13238656_scRecounter_version_1_0  | SRX9670667_SRR13238656  | SRR13238656   | mouse    | 2025-11-16    | scRecounter  |        | 2025-11-16 10:26:36.922608 |                 |      | version_1_0 | 
 SRX11450573_SRR15143143_scRecounter_version_1_0 | SRX11450573_SRR15143143 | SRR15143143   | mouse    | 2025-11-16    | scRecounter  |        | 2025-11-16 10:26:36.936408 |                 |      | version_1_0 | 
 SRX11450572_SRR15143142_scRecounter_version_1_0 | SRX11450572_SRR15143142 | SRR15143142   | mouse    | 2025-11-16    | scRecounter  |        | 2025-11-16 10:26:36.956337 |                 |      | version_1_0 | 
 SRX11450576_SRR15143146_scRecounter_version_1_0 | SRX11450576_SRR15143146 | SRR15143146   | mouse    | 2025-11-16    | scRecounter  |        | 2025-11-16 10:26:36.95968  |                 |      | version_1_0 | 
 SRX11450571_SRR15143141_scRecounter_version_1_0 | SRX11450571_SRR15143141 | SRR15143141   | mouse    | 2025-11-16    | scRecounter  |        | 2025-11-16 10:26:36.963271 |                 |      | version_1_0 | 
 SRX11450565_SRR15143135_scRecounter_version_1_0 | SRX11450565_SRR15143135 | SRR15143135   | mouse    | 2025-11-16    | scRecounter  |        | 2025-11-16 10:26:36.96486  |                 |      | version_1_0 | 
 SRX11450568_SRR15143138_scRecounter_version_1_0 | SRX11450568_SRR15143138 | SRR15143138   | mouse    | 2025-11-16    | scRecounter  |        | 2025-11-16 10:26:36.979587 |                 |      | version_1_0 | 
 SRX11450566_SRR15143136_scRecounter_version_1_0 | SRX11450566_SRR15143136 | SRR15143136   | mouse    | 2025-11-16    | scRecounter  |        | 2025-11-16 10:26:36.98146  |                 |      | version_1_0 | 
 SRX9936504_SRR13528184_scRecounter_version_1_0  | SRX9936504_SRR13528184  | SRR13528184   | mouse    | 2025-11-17    | scRecounter  |        | 2025-11-17 00:14:21.986776 |                 |      | version_1_0 | 
 SRX9936507_SRR13528187_scRecounter_version_1_0  | SRX9936507_SRR13528187  | SRR13528187   | mouse    | 2025-11-17    | scRecounter  |        | 2025-11-17 00:14:22.032088 |                 |      | version_1_0 | 
 SRX9936502_SRR13528182_scRecounter_version_1_0  | SRX9936502_SRR13528182  | SRR13528182   | mouse    | 2025-11-17    | scRecounter  |        | 2025-11-17 00:14:22.050685 |                 |      | version_1_0 | 
 SRX9936503_SRR13528183_scRecounter_version_1_0  | SRX9936503_SRR13528183  | SRR13528183   | mouse    | 2025-11-17    | scRecounter  |        | 2025-11-17 00:14:22.098543 |                 |      | version_1_0 | 
 SRX9936505_SRR13528185_scRecounter_version_1_0  | SRX9936505_SRR13528185  | SRR13528185   | mouse    | 2025-11-17    | scRecounter  |        | 2025-11-17 00:14:22.125788 |                 |      | version_1_0 | 
 SRX9936506_SRR13528186_scRecounter_version_1_0  | SRX9936506_SRR13528186  | SRR13528186   | mouse    | 2025-11-17    | scRecounter  |        | 2025-11-17 00:14:22.138812 |                 |      | version_1_0 | 
 SRX9936502_SRR13528181_scRecounter_version_1_0  | SRX9936502_SRR13528181  | SRR13528181   | mouse    | 2025-11-17    | scRecounter  |        | 2025-11-17 00:14:22.17362  |                 |      | version_1_0 | 
 SRX8673334_SRR12157783_scRecounter_version_1_0  | SRX8673334_SRR12157783  | SRR12157783   | mouse    | 2025-11-17    | scRecounter  |        | 2025-11-17 02:03:43.18378  |                 |      | version_1_0 | 
 SRX8673333_SRR12157782_scRecounter_version_1_0  | SRX8673333_SRR12157782  | SRR12157782   | mouse    | 2025-11-17    | scRecounter  |        | 2025-11-17 02:03:43.264336 |                 |      | version_1_0 | 
 SRX8683675_SRR12168809_scRecounter_version_1_0  | SRX8683675_SRR12168809  | SRR12168809   | mouse    | 2025-11-17    | scRecounter  |        | 2025-11-17 05:12:49.216608 |                 |      | version_1_0 | 
 SRX8683675_SRR12187024_scRecounter_version_1_0  | SRX8683675_SRR12187024  | SRR12187024   | mouse    | 2025-11-17    | scRecounter  |        | 2025-11-17 05:12:49.226185 |                 |      | version_1_0 | 
 SRX8683679_SRR12168805_scRecounter_version_1_0  | SRX8683679_SRR12168805  | SRR12168805   | mouse    | 2025-11-17    | scRecounter  |        | 2025-11-17 05:59:37.131881 |                 |      | version_1_0 | 
 SRX8683677_SRR12187158_scRecounter_version_1_0  | SRX8683677_SRR12187158  | SRR12187158   | mouse    | 2025-11-17    | scRecounter  |        | 2025-11-17 05:59:37.201118 |                 |      | version_1_0 | 
 SRX8683676_SRR12168808_scRecounter_version_1_0  | SRX8683676_SRR12168808  | SRR12168808   | mouse    | 2025-11-17    | scRecounter  |        | 2025-11-17 05:59:37.213227 |                 |      | version_1_0 | 
 SRX8683676_SRR12187149_scRecounter_version_1_0  | SRX8683676_SRR12187149  | SRR12187149   | mouse    | 2025-11-17    | scRecounter  |        | 2025-11-17 05:59:37.226952 |                 |      | version_1_0 | 
 SRX8683679_SRR12187021_scRecounter_version_1_0  | SRX8683679_SRR12187021  | SRR12187021   | mouse    | 2025-11-17    | scRecounter  |        | 2025-11-17 05:59:37.23033  |                 |      | version_1_0 | 
 SRX8683677_SRR12168807_scRecounter_version_1_0  | SRX8683677_SRR12168807  | SRR12168807   | mouse    | 2025-11-17    | scRecounter  |        | 2025-11-17 05:59:37.360288 |                 |      | version_1_0 | 
 SRX8683680_SRR12187020_scRecounter_version_1_0  | SRX8683680_SRR12187020  | SRR12187020   | mouse    | 2025-11-17    | scRecounter  |        | 2025-11-17 06:29:11.646506 |                 |      | version_1_0 | 
 SRX8683680_SRR12168804_scRecounter_version_1_0  | SRX8683680_SRR12168804  | SRR12168804   | mouse    | 2025-11-17    | scRecounter  |        | 2025-11-17 06:29:11.707677 |                 |      | version_1_0 | 
 SRX9125392_SRR12643473_scRecounter_version_1_0  | SRX9125392_SRR12643473  | SRR12643473   | mouse    | 2025-11-17    | scRecounter  |        | 2025-11-17 07:32:14.183964 |                 |      | version_1_0 | 
 SRX9125398_SRR12643479_scRecounter_version_1_0  | SRX9125398_SRR12643479  | SRR12643479   | mouse    | 2025-11-17    | scRecounter  |        | 2025-11-17 07:32:14.232392 |                 |      | version_1_0 | 
 SRX9125395_SRR12643476_scRecounter_version_1_0  | SRX9125395_SRR12643476  | SRR12643476   | mouse    | 2025-11-17    | scRecounter  |        | 2025-11-17 07:32:14.234997 |                 |      | version_1_0 | 
 SRX9125394_SRR12643475_scRecounter_version_1_0  | SRX9125394_SRR12643475  | SRR12643475   | mouse    | 2025-11-17    | scRecounter  |        | 2025-11-17 07:32:14.265353 |                 |      | version_1_0 | 
 SRX9125397_SRR12643478_scRecounter_version_1_0  | SRX9125397_SRR12643478  | SRR12643478   | mouse    | 2025-11-17    | scRecounter  |        | 2025-11-17 07:32:14.279723 |                 |      | version_1_0 | 
 SRX9125396_SRR12643477_scRecounter_version_1_0  | SRX9125396_SRR12643477  | SRR12643477   | mouse    | 2025-11-17    | scRecounter  |        | 2025-11-17 07:32:14.336328 |                 |      | version_1_0 | 
 SRX9125393_SRR12643474_scRecounter_version_1_0  | SRX9125393_SRR12643474  | SRR12643474   | mouse    | 2025-11-17    | scRecounter  |        | 2025-11-17 07:32:14.381644 |                 |      | version_1_0 | 
 SRX9221363_SRR12749253_scRecounter_version_1_0  | SRX9221363_SRR12749253  | SRR12749253   | mouse    | 2025-11-17    | scRecounter  |        | 2025-11-17 07:37:01.312757 |                 |      | version_1_0 | 
 SRX9178668_SRR12699079_scRecounter_version_1_0  | SRX9178668_SRR12699079  | SRR12699079   | mouse    | 2025-11-17    | scRecounter  |        | 2025-11-17 07:37:01.326392 |                 |      | version_1_0 | 
 SRX9221364_SRR12749270_scRecounter_version_1_0  | SRX9221364_SRR12749270  | SRR12749270   | mouse    | 2025-11-17    | scRecounter  |        | 2025-11-17 07:37:01.433223 |                 |      | version_1_0 | 
 SRX9178669_SRR12699080_scRecounter_version_1_0  | SRX9178669_SRR12699080  | SRR12699080   | mouse    | 2025-11-17    | scRecounter  |        | 2025-11-17 07:37:01.445704 |                 |      | version_1_0 | 
 SRX9221362_SRR12749250_scRecounter_version_1_0  | SRX9221362_SRR12749250  | SRR12749250   | mouse    | 2025-11-17    | scRecounter  |        | 2025-11-17 07:37:01.462225 |                 |      | version_1_0 | 
 SRX9221364_SRR12749274_scRecounter_version_1_0  | SRX9221364_SRR12749274  | SRR12749274   | mouse    | 2025-11-17    | scRecounter  |        | 2025-11-17 07:37:01.476943 |                 |      | version_1_0 | 
 SRX9221364_SRR12749278_scRecounter_version_1_0  | SRX9221364_SRR12749278  | SRR12749278   | mouse    | 2025-11-17    | scRecounter  |        | 2025-11-17 07:37:01.489908 |                 |      | version_1_0 | 
 SRX9221364_SRR12749271_scRecounter_version_1_0  | SRX9221364_SRR12749271  | SRR12749271   | mouse    | 2025-11-17    | scRecounter  |        | 2025-11-17 07:37:01.522249 |                 |      | version_1_0 | 
 SRX9221364_SRR12749272_scRecounter_version_1_0  | SRX9221364_SRR12749272  | SRR12749272   | mouse    | 2025-11-17    | scRecounter  |        | 2025-11-17 07:37:01.521041 |                 |      | version_1_0 | 
 SRX9221364_SRR12749276_scRecounter_version_1_0  | SRX9221364_SRR12749276  | SRR12749276   | mouse    | 2025-11-17    | scRecounter  |        | 2025-11-17 07:37:01.603547 |                 |      | version_1_0 | 
 SRX9221363_SRR12749261_scRecounter_version_1_0  | SRX9221363_SRR12749261  | SRR12749261   | mouse    | 2025-11-17    | scRecounter  |        | 2025-11-17 07:37:01.605287 |                 |      | version_1_0 | 
 SRX9221363_SRR12749258_scRecounter_version_1_0  | SRX9221363_SRR12749258  | SRR12749258   | mouse    | 2025-11-17    | scRecounter  |        | 2025-11-17 07:37:01.627756 |                 |      | version_1_0 | 
 SRX9221363_SRR12749262_scRecounter_version_1_0  | SRX9221363_SRR12749262  | SRR12749262   | mouse    | 2025-11-17    | scRecounter  |        | 2025-11-17 07:37:01.654599 |                 |      | version_1_0 | 
 SRX9221364_SRR12749266_scRecounter_version_1_0  | SRX9221364_SRR12749266  | SRR12749266   | mouse    | 2025-11-17    | scRecounter  |        | 2025-11-17 07:37:01.654803 |                 |      | version_1_0 | 
 SRX9221362_SRR12749248_scRecounter_version_1_0  | SRX9221362_SRR12749248  | SRR12749248   | mouse    | 2025-11-17    | scRecounter  |        | 2025-11-17 07:37:01.678039 |                 |      | version_1_0 | 
 SRX9221364_SRR12749279_scRecounter_version_1_0  | SRX9221364_SRR12749279  | SRR12749279   | mouse    | 2025-11-17    | scRecounter  |        | 2025-11-17 07:37:01.675625 |                 |      | version_1_0 | 
 SRX9221364_SRR12749281_scRecounter_version_1_0  | SRX9221364_SRR12749281  | SRR12749281   | mouse    | 2025-11-17    | scRecounter  |        | 2025-11-17 07:37:01.702994 |                 |      | version_1_0 | 
 SRX9125399_SRR12643480_scRecounter_version_1_0  | SRX9125399_SRR12643480  | SRR12643480   | mouse    | 2025-11-17    | scRecounter  |        | 2025-11-17 07:37:01.746383 |                 |      | version_1_0 | 
 SRX9221364_SRR12749273_scRecounter_version_1_0  | SRX9221364_SRR12749273  | SRR12749273   | mouse    | 2025-11-17    | scRecounter  |        | 2025-11-17 07:37:01.753768 |                 |      | version_1_0 | 
 SRX9221364_SRR12749282_scRecounter_version_1_0  | SRX9221364_SRR12749282  | SRR12749282   | mouse    | 2025-11-17    | scRecounter  |        | 2025-11-17 07:37:01.755191 |                 |      | version_1_0 | 
 SRX9221362_SRR12749242_scRecounter_version_1_0  | SRX9221362_SRR12749242  | SRR12749242   | mouse    | 2025-11-17    | scRecounter  |        | 2025-11-17 07:37:01.763333 |                 |      | version_1_0 | 
 SRX9221362_SRR12749241_scRecounter_version_1_0  | SRX9221362_SRR12749241  | SRR12749241   | mouse    | 2025-11-17    | scRecounter  |        | 2025-11-17 07:37:01.767055 |                 |      | version_1_0 | 
 SRX9221363_SRR12749260_scRecounter_version_1_0  | SRX9221363_SRR12749260  | SRR12749260   | mouse    | 2025-11-17    | scRecounter  |        | 2025-11-17 07:37:01.774657 |                 |      | version_1_0 | 
 SRX9221364_SRR12749265_scRecounter_version_1_0  | SRX9221364_SRR12749265  | SRR12749265   | mouse    | 2025-11-17    | scRecounter  |        | 2025-11-17 07:37:01.77937  |                 |      | version_1_0 | 
 SRX9221364_SRR12749267_scRecounter_version_1_0  | SRX9221364_SRR12749267  | SRR12749267   | mouse    | 2025-11-17    | scRecounter  |        | 2025-11-17 07:37:01.7927   |                 |      | version_1_0 | 
 SRX9221362_SRR12749245_scRecounter_version_1_0  | SRX9221362_SRR12749245  | SRR12749245   | mouse    | 2025-11-17    | scRecounter  |        | 2025-11-17 07:37:01.823698 |                 |      | version_1_0 | 
 SRX9221362_SRR12749246_scRecounter_version_1_0  | SRX9221362_SRR12749246  | SRR12749246   | mouse    | 2025-11-17    | scRecounter  |        | 2025-11-17 07:37:01.822758 |                 |      | version_1_0 | 
 SRX9221364_SRR12749275_scRecounter_version_1_0  | SRX9221364_SRR12749275  | SRR12749275   | mouse    | 2025-11-17    | scRecounter  |        | 2025-11-17 07:37:01.822551 |                 |      | version_1_0 | 
 SRX9221363_SRR12749254_scRecounter_version_1_0  | SRX9221363_SRR12749254  | SRR12749254   | mouse    | 2025-11-17    | scRecounter  |        | 2025-11-17 07:37:01.82602  |                 |      | version_1_0 | 
 SRX9221364_SRR12749268_scRecounter_version_1_0  | SRX9221364_SRR12749268  | SRR12749268   | mouse    | 2025-11-17    | scRecounter  |        | 2025-11-17 07:37:01.825407 |                 |      | version_1_0 | 
 SRX9221364_SRR12749280_scRecounter_version_1_0  | SRX9221364_SRR12749280  | SRR12749280   | mouse    | 2025-11-17    | scRecounter  |        | 2025-11-17 07:37:01.840181 |                 |      | version_1_0 | 
 SRX9221363_SRR12749263_scRecounter_version_1_0  | SRX9221363_SRR12749263  | SRR12749263   | mouse    | 2025-11-17    | scRecounter  |        | 2025-11-17 07:37:01.868738 |                 |      | version_1_0 | 
 SRX9221362_SRR12749251_scRecounter_version_1_0  | SRX9221362_SRR12749251  | SRR12749251   | mouse    | 2025-11-17    | scRecounter  |        | 2025-11-17 07:37:01.887072 |                 |      | version_1_0 | 
 SRX9221363_SRR12749256_scRecounter_version_1_0  | SRX9221363_SRR12749256  | SRR12749256   | mouse    | 2025-11-17    | scRecounter  |        | 2025-11-17 07:37:01.895558 |                 |      | version_1_0 | 
 SRX9221362_SRR12749252_scRecounter_version_1_0  | SRX9221362_SRR12749252  | SRR12749252   | mouse    | 2025-11-17    | scRecounter  |        | 2025-11-17 07:37:01.901871 |                 |      | version_1_0 | 
 SRX9221362_SRR12749243_scRecounter_version_1_0  | SRX9221362_SRR12749243  | SRR12749243   | mouse    | 2025-11-17    | scRecounter  |        | 2025-11-17 07:37:01.931017 |                 |      | version_1_0 | 
 SRX9221364_SRR12749269_scRecounter_version_1_0  | SRX9221364_SRR12749269  | SRR12749269   | mouse    | 2025-11-17    | scRecounter  |        | 2025-11-17 07:37:01.936251 |                 |      | version_1_0 | 
 SRX9221364_SRR12749277_scRecounter_version_1_0  | SRX9221364_SRR12749277  | SRR12749277   | mouse    | 2025-11-17    | scRecounter  |        | 2025-11-17 07:37:01.938756 |                 |      | version_1_0 | 
 SRX9221364_SRR12749284_scRecounter_version_1_0  | SRX9221364_SRR12749284  | SRR12749284   | mouse    | 2025-11-17    | scRecounter  |        | 2025-11-17 07:37:01.940175 |                 |      | version_1_0 | 
 SRX9221364_SRR12749283_scRecounter_version_1_0  | SRX9221364_SRR12749283  | SRR12749283   | mouse    | 2025-11-17    | scRecounter  |        | 2025-11-17 07:37:01.937779 |                 |      | version_1_0 | 
 SRX9221362_SRR12749249_scRecounter_version_1_0  | SRX9221362_SRR12749249  | SRR12749249   | mouse    | 2025-11-17    | scRecounter  |        | 2025-11-17 07:37:01.971087 |                 |      | version_1_0 | 
 SRX9221363_SRR12749255_scRecounter_version_1_0  | SRX9221363_SRR12749255  | SRR12749255   | mouse    | 2025-11-17    | scRecounter  |        | 2025-11-17 07:37:01.986469 |                 |      | version_1_0 | 
 SRX9221363_SRR12749257_scRecounter_version_1_0  | SRX9221363_SRR12749257  | SRR12749257   | mouse    | 2025-11-17    | scRecounter  |        | 2025-11-17 07:37:02.020122 |                 |      | version_1_0 | 
 SRX9221362_SRR12749247_scRecounter_version_1_0  | SRX9221362_SRR12749247  | SRR12749247   | mouse    | 2025-11-17    | scRecounter  |        | 2025-11-17 07:37:02.03861  |                 |      | version_1_0 | 
 SRX9221363_SRR12749259_scRecounter_version_1_0  | SRX9221363_SRR12749259  | SRR12749259   | mouse    | 2025-11-17    | scRecounter  |        | 2025-11-17 07:37:02.045307 |                 |      | version_1_0 | 
 SRX9221362_SRR12749244_scRecounter_version_1_0  | SRX9221362_SRR12749244  | SRR12749244   | mouse    | 2025-11-17    | scRecounter  |        | 2025-11-17 07:37:02.071772 |                 |      | version_1_0 | 
 SRX9221363_SRR12749264_scRecounter_version_1_0  | SRX9221363_SRR12749264  | SRR12749264   | mouse    | 2025-11-17    | scRecounter  |        | 2025-11-17 07:37:02.35805  |                 |      | version_1_0 | 
 SRX9221366_SRR12749319_scRecounter_version_1_0  | SRX9221366_SRR12749319  | SRR12749319   | mouse    | 2025-11-17    | scRecounter  |        | 2025-11-17 07:41:05.301175 |                 |      | version_1_0 | 
 SRX9221366_SRR12749308_scRecounter_version_1_0  | SRX9221366_SRR12749308  | SRR12749308   | mouse    | 2025-11-17    | scRecounter  |        | 2025-11-17 07:41:05.475011 |                 |      | version_1_0 | 
 SRX9221365_SRR12749289_scRecounter_version_1_0  | SRX9221365_SRR12749289  | SRR12749289   | mouse    | 2025-11-17    | scRecounter  |        | 2025-11-17 07:41:05.568228 |                 |      | version_1_0 | 
 SRX9221366_SRR12749310_scRecounter_version_1_0  | SRX9221366_SRR12749310  | SRR12749310   | mouse    | 2025-11-17    | scRecounter  |        | 2025-11-17 07:41:05.629181 |                 |      | version_1_0 | 
 SRX9221365_SRR12749293_scRecounter_version_1_0  | SRX9221365_SRR12749293  | SRR12749293   | mouse    | 2025-11-17    | scRecounter  |        | 2025-11-17 07:41:05.707635 |                 |      | version_1_0 | 
 SRX9221368_SRR12749352_scRecounter_version_1_0  | SRX9221368_SRR12749352  | SRR12749352   | mouse    | 2025-11-17    | scRecounter  |        | 2025-11-17 07:41:05.756413 |                 |      | version_1_0 | 
 SRX9221365_SRR12749298_scRecounter_version_1_0  | SRX9221365_SRR12749298  | SRR12749298   | mouse    | 2025-11-17    | scRecounter  |        | 2025-11-17 07:41:05.75916  |                 |      | version_1_0 | 
 SRX9221367_SRR12749332_scRecounter_version_1_0  | SRX9221367_SRR12749332  | SRR12749332   | mouse    | 2025-11-17    | scRecounter  |        | 2025-11-17 07:41:05.789516 |                 |      | version_1_0 | 
 SRX9221369_SRR12749362_scRecounter_version_1_0  | SRX9221369_SRR12749362  | SRR12749362   | mouse    | 2025-11-17    | scRecounter  |        | 2025-11-17 07:41:05.867679 |                 |      | version_1_0 | 
 SRX9221367_SRR12749338_scRecounter_version_1_0  | SRX9221367_SRR12749338  | SRR12749338   | mouse    | 2025-11-17    | scRecounter  |        | 2025-11-17 07:41:05.911231 |                 |      | version_1_0 | 
 SRX9221366_SRR12749321_scRecounter_version_1_0  | SRX9221366_SRR12749321  | SRR12749321   | mouse    | 2025-11-17    | scRecounter  |        | 2025-11-17 07:41:05.958719 |                 |      | version_1_0 | 
 SRX9221367_SRR12749343_scRecounter_version_1_0  | SRX9221367_SRR12749343  | SRR12749343   | mouse    | 2025-11-17    | scRecounter  |        | 2025-11-17 07:41:05.972109 |                 |      | version_1_0 | 
 SRX9221365_SRR12749291_scRecounter_version_1_0  | SRX9221365_SRR12749291  | SRR12749291   | mouse    | 2025-11-17    | scRecounter  |        | 2025-11-17 07:41:05.983076 |                 |      | version_1_0 | 
 SRX9221369_SRR12749368_scRecounter_version_1_0  | SRX9221369_SRR12749368  | SRR12749368   | mouse    | 2025-11-17    | scRecounter  |        | 2025-11-17 07:41:06.009058 |                 |      | version_1_0 | 
 SRX9221369_SRR12749357_scRecounter_version_1_0  | SRX9221369_SRR12749357  | SRR12749357   | mouse    | 2025-11-17    | scRecounter  |        | 2025-11-17 07:41:06.066    |                 |      | version_1_0 | 
 SRX9221365_SRR12749296_scRecounter_version_1_0  | SRX9221365_SRR12749296  | SRR12749296   | mouse    | 2025-11-17    | scRecounter  |        | 2025-11-17 07:41:06.103433 |                 |      | version_1_0 | 
 SRX9221368_SRR12749356_scRecounter_version_1_0  | SRX9221368_SRR12749356  | SRR12749356   | mouse    | 2025-11-17    | scRecounter  |        | 2025-11-17 07:41:06.115851 |                 |      | version_1_0 | 
 SRX9221365_SRR12749285_scRecounter_version_1_0  | SRX9221365_SRR12749285  | SRR12749285   | mouse    | 2025-11-17    | scRecounter  |        | 2025-11-17 07:41:06.130535 |                 |      | version_1_0 | 
 SRX9221369_SRR12749365_scRecounter_version_1_0  | SRX9221369_SRR12749365  | SRR12749365   | mouse    | 2025-11-17    | scRecounter  |        | 2025-11-17 07:41:06.131    |                 |      | version_1_0 | 
 SRX9221367_SRR12749336_scRecounter_version_1_0  | SRX9221367_SRR12749336  | SRR12749336   | mouse    | 2025-11-17    | scRecounter  |        | 2025-11-17 07:41:06.193417 |                 |      | version_1_0 | 
 SRX9221365_SRR12749288_scRecounter_version_1_0  | SRX9221365_SRR12749288  | SRR12749288   | mouse    | 2025-11-17    | scRecounter  |        | 2025-11-17 07:41:06.219019 |                 |      | version_1_0 | 
 SRX9221368_SRR12749347_scRecounter_version_1_0  | SRX9221368_SRR12749347  | SRR12749347   | mouse    | 2025-11-17    | scRecounter  |        | 2025-11-17 07:41:06.217067 |                 |      | version_1_0 | 
 SRX9221369_SRR12749364_scRecounter_version_1_0  | SRX9221369_SRR12749364  | SRR12749364   | mouse    | 2025-11-17    | scRecounter  |        | 2025-11-17 07:41:06.227393 |                 |      | version_1_0 | 
 SRX9221368_SRR12749346_scRecounter_version_1_0  | SRX9221368_SRR12749346  | SRR12749346   | mouse    | 2025-11-17    | scRecounter  |        | 2025-11-17 07:41:06.237152 |                 |      | version_1_0 | 
 SRX9221367_SRR12749327_scRecounter_version_1_0  | SRX9221367_SRR12749327  | SRR12749327   | mouse    | 2025-11-17    | scRecounter  |        | 2025-11-17 07:41:06.25123  |                 |      | version_1_0 | 
 SRX9221367_SRR12749333_scRecounter_version_1_0  | SRX9221367_SRR12749333  | SRR12749333   | mouse    | 2025-11-17    | scRecounter  |        | 2025-11-17 07:41:06.270034 |                 |      | version_1_0 | 
 SRX9221365_SRR12749294_scRecounter_version_1_0  | SRX9221365_SRR12749294  | SRR12749294   | mouse    | 2025-11-17    | scRecounter  |        | 2025-11-17 07:41:06.275893 |                 |      | version_1_0 | 
 SRX9221369_SRR12749363_scRecounter_version_1_0  | SRX9221369_SRR12749363  | SRR12749363   | mouse    | 2025-11-17    | scRecounter  |        | 2025-11-17 07:41:06.280393 |                 |      | version_1_0 | 
 SRX9221366_SRR12749315_scRecounter_version_1_0  | SRX9221366_SRR12749315  | SRR12749315   | mouse    | 2025-11-17    | scRecounter  |        | 2025-11-17 07:41:06.329381 |                 |      | version_1_0 | 
 SRX9221366_SRR12749320_scRecounter_version_1_0  | SRX9221366_SRR12749320  | SRR12749320   | mouse    | 2025-11-17    | scRecounter  |        | 2025-11-17 07:41:06.364644 |                 |      | version_1_0 | 
 SRX9221367_SRR12749340_scRecounter_version_1_0  | SRX9221367_SRR12749340  | SRR12749340   | mouse    | 2025-11-17    | scRecounter  |        | 2025-11-17 07:41:06.369133 |                 |      | version_1_0 | 
 SRX9221369_SRR12749359_scRecounter_version_1_0  | SRX9221369_SRR12749359  | SRR12749359   | mouse    | 2025-11-17    | scRecounter  |        | 2025-11-17 07:41:06.372461 |                 |      | version_1_0 | 
 SRX9221366_SRR12749305_scRecounter_version_1_0  | SRX9221366_SRR12749305  | SRR12749305   | mouse    | 2025-11-17    | scRecounter  |        | 2025-11-17 07:41:06.377343 |                 |      | version_1_0 | 
 SRX9221367_SRR12749325_scRecounter_version_1_0  | SRX9221367_SRR12749325  | SRR12749325   | mouse    | 2025-11-17    | scRecounter  |        | 2025-11-17 07:41:06.38918  |                 |      | version_1_0 | 
 SRX9221368_SRR12749354_scRecounter_version_1_0  | SRX9221368_SRR12749354  | SRR12749354   | mouse    | 2025-11-17    | scRecounter  |        | 2025-11-17 07:41:06.390847 |                 |      | version_1_0 | 
 SRX9221367_SRR12749342_scRecounter_version_1_0  | SRX9221367_SRR12749342  | SRR12749342   | mouse    | 2025-11-17    | scRecounter  |        | 2025-11-17 07:41:06.409366 |                 |      | version_1_0 | 
 SRX9221366_SRR12749311_scRecounter_version_1_0  | SRX9221366_SRR12749311  | SRR12749311   | mouse    | 2025-11-17    | scRecounter  |        | 2025-11-17 07:41:06.415449 |                 |      | version_1_0 | 
 SRX9221365_SRR12749295_scRecounter_version_1_0  | SRX9221365_SRR12749295  | SRR12749295   | mouse    | 2025-11-17    | scRecounter  |        | 2025-11-17 07:41:06.427305 |                 |      | version_1_0 | 
 SRX9221369_SRR12749360_scRecounter_version_1_0  | SRX9221369_SRR12749360  | SRR12749360   | mouse    | 2025-11-17    | scRecounter  |        | 2025-11-17 07:41:06.43216  |                 |      | version_1_0 | 
 SRX9221368_SRR12749350_scRecounter_version_1_0  | SRX9221368_SRR12749350  | SRR12749350   | mouse    | 2025-11-17    | scRecounter  |        | 2025-11-17 07:41:06.439255 |                 |      | version_1_0 | 
 SRX9221366_SRR12749318_scRecounter_version_1_0  | SRX9221366_SRR12749318  | SRR12749318   | mouse    | 2025-11-17    | scRecounter  |        | 2025-11-17 07:41:06.461421 |                 |      | version_1_0 | 
 SRX9221366_SRR12749312_scRecounter_version_1_0  | SRX9221366_SRR12749312  | SRR12749312   | mouse    | 2025-11-17    | scRecounter  |        | 2025-11-17 07:41:06.501301 |                 |      | version_1_0 | 
 SRX9221366_SRR12749313_scRecounter_version_1_0  | SRX9221366_SRR12749313  | SRR12749313   | mouse    | 2025-11-17    | scRecounter  |        | 2025-11-17 07:41:06.506398 |                 |      | version_1_0 | 
 SRX9221367_SRR12749331_scRecounter_version_1_0  | SRX9221367_SRR12749331  | SRR12749331   | mouse    | 2025-11-17    | scRecounter  |        | 2025-11-17 07:41:06.532592 |                 |      | version_1_0 | 
 SRX9221365_SRR12749302_scRecounter_version_1_0  | SRX9221365_SRR12749302  | SRR12749302   | mouse    | 2025-11-17    | scRecounter  |        | 2025-11-17 07:41:06.538055 |                 |      | version_1_0 | 
 SRX9221365_SRR12749290_scRecounter_version_1_0  | SRX9221365_SRR12749290  | SRR12749290   | mouse    | 2025-11-17    | scRecounter  |        | 2025-11-17 07:41:06.541154 |                 |      | version_1_0 | 
 SRX9221369_SRR12749366_scRecounter_version_1_0  | SRX9221369_SRR12749366  | SRR12749366   | mouse    | 2025-11-17    | scRecounter  |        | 2025-11-17 07:41:06.549631 |                 |      | version_1_0 | 
 SRX9221367_SRR12749329_scRecounter_version_1_0  | SRX9221367_SRR12749329  | SRR12749329   | mouse    | 2025-11-17    | scRecounter  |        | 2025-11-17 07:41:06.559134 |                 |      | version_1_0 | 
 SRX9221368_SRR12749348_scRecounter_version_1_0  | SRX9221368_SRR12749348  | SRR12749348   | mouse    | 2025-11-17    | scRecounter  |        | 2025-11-17 07:41:06.562286 |                 |      | version_1_0 | 
 SRX9221368_SRR12749349_scRecounter_version_1_0  | SRX9221368_SRR12749349  | SRR12749349   | mouse    | 2025-11-17    | scRecounter  |        | 2025-11-17 07:41:06.563823 |                 |      | version_1_0 | 
 SRX9221367_SRR12749344_scRecounter_version_1_0  | SRX9221367_SRR12749344  | SRR12749344   | mouse    | 2025-11-17    | scRecounter  |        | 2025-11-17 07:41:06.580193 |                 |      | version_1_0 | 
 SRX9221368_SRR12749355_scRecounter_version_1_0  | SRX9221368_SRR12749355  | SRR12749355   | mouse    | 2025-11-17    | scRecounter  |        | 2025-11-17 07:41:06.605233 |                 |      | version_1_0 | 
 SRX9221365_SRR12749303_scRecounter_version_1_0  | SRX9221365_SRR12749303  | SRR12749303   | mouse    | 2025-11-17    | scRecounter  |        | 2025-11-17 07:41:06.603867 |                 |      | version_1_0 | 
 SRX9221366_SRR12749309_scRecounter_version_1_0  | SRX9221366_SRR12749309  | SRR12749309   | mouse    | 2025-11-17    | scRecounter  |        | 2025-11-17 07:41:06.606958 |                 |      | version_1_0 | 
 SRX9221367_SRR12749341_scRecounter_version_1_0  | SRX9221367_SRR12749341  | SRR12749341   | mouse    | 2025-11-17    | scRecounter  |        | 2025-11-17 07:41:06.620525 |                 |      | version_1_0 | 
 SRX9221366_SRR12749316_scRecounter_version_1_0  | SRX9221366_SRR12749316  | SRR12749316   | mouse    | 2025-11-17    | scRecounter  |        | 2025-11-17 07:41:06.624188 |                 |      | version_1_0 | 
 SRX9221369_SRR12749367_scRecounter_version_1_0  | SRX9221369_SRR12749367  | SRR12749367   | mouse    | 2025-11-17    | scRecounter  |        | 2025-11-17 07:41:06.635814 |                 |      | version_1_0 | 
 SRX9221367_SRR12749334_scRecounter_version_1_0  | SRX9221367_SRR12749334  | SRR12749334   | mouse    | 2025-11-17    | scRecounter  |        | 2025-11-17 07:41:06.662312 |                 |      | version_1_0 | 
 SRX9221367_SRR12749337_scRecounter_version_1_0  | SRX9221367_SRR12749337  | SRR12749337   | mouse    | 2025-11-17    | scRecounter  |        | 2025-11-17 07:41:06.707638 |                 |      | version_1_0 | 
 SRX9221366_SRR12749306_scRecounter_version_1_0  | SRX9221366_SRR12749306  | SRR12749306   | mouse    | 2025-11-17    | scRecounter  |        | 2025-11-17 07:41:06.71989  |                 |      | version_1_0 | 
 SRX9221365_SRR12749300_scRecounter_version_1_0  | SRX9221365_SRR12749300  | SRR12749300   | mouse    | 2025-11-17    | scRecounter  |        | 2025-11-17 07:41:06.744325 |                 |      | version_1_0 | 
 SRX9221365_SRR12749301_scRecounter_version_1_0  | SRX9221365_SRR12749301  | SRR12749301   | mouse    | 2025-11-17    | scRecounter  |        | 2025-11-17 07:41:06.773441 |                 |      | version_1_0 | 
 SRX9221367_SRR12749339_scRecounter_version_1_0  | SRX9221367_SRR12749339  | SRR12749339   | mouse    | 2025-11-17    | scRecounter  |        | 2025-11-17 07:41:06.775877 |                 |      | version_1_0 | 
 SRX9221368_SRR12749353_scRecounter_version_1_0  | SRX9221368_SRR12749353  | SRR12749353   | mouse    | 2025-11-17    | scRecounter  |        | 2025-11-17 07:41:06.784404 |                 |      | version_1_0 | 
 SRX9221365_SRR12749292_scRecounter_version_1_0  | SRX9221365_SRR12749292  | SRR12749292   | mouse    | 2025-11-17    | scRecounter  |        | 2025-11-17 07:41:07.755208 |                 |      | version_1_0 | 
 SRX9221368_SRR12749351_scRecounter_version_1_0  | SRX9221368_SRR12749351  | SRR12749351   | mouse    | 2025-11-17    | scRecounter  |        | 2025-11-17 07:41:07.845125 |                 |      | version_1_0 | 
 SRX9221367_SRR12749335_scRecounter_version_1_0  | SRX9221367_SRR12749335  | SRR12749335   | mouse    | 2025-11-17    | scRecounter  |        | 2025-11-17 07:41:07.994965 |                 |      | version_1_0 | 
 SRX9221365_SRR12749299_scRecounter_version_1_0  | SRX9221365_SRR12749299  | SRR12749299   | mouse    | 2025-11-17    | scRecounter  |        | 2025-11-17 07:41:08.058808 |                 |      | version_1_0 | 
 SRX9221366_SRR12749307_scRecounter_version_1_0  | SRX9221366_SRR12749307  | SRR12749307   | mouse    | 2025-11-17    | scRecounter  |        | 2025-11-17 07:41:08.116148 |                 |      | version_1_0 | 
 SRX9221369_SRR12749358_scRecounter_version_1_0  | SRX9221369_SRR12749358  | SRR12749358   | mouse    | 2025-11-17    | scRecounter  |        | 2025-11-17 07:41:08.117662 |                 |      | version_1_0 | 
 SRX9221365_SRR12749304_scRecounter_version_1_0  | SRX9221365_SRR12749304  | SRR12749304   | mouse    | 2025-11-17    | scRecounter  |        | 2025-11-17 07:41:08.144195 |                 |      | version_1_0 | 
 SRX9221368_SRR12749345_scRecounter_version_1_0  | SRX9221368_SRR12749345  | SRR12749345   | mouse    | 2025-11-17    | scRecounter  |        | 2025-11-17 07:41:08.215596 |                 |      | version_1_0 | 
 SRX9221369_SRR12749361_scRecounter_version_1_0  | SRX9221369_SRR12749361  | SRR12749361   | mouse    | 2025-11-17    | scRecounter  |        | 2025-11-17 07:41:08.989027 |                 |      | version_1_0 | 
 SRX9221365_SRR12749297_scRecounter_version_1_0  | SRX9221365_SRR12749297  | SRR12749297   | mouse    | 2025-11-17    | scRecounter  |        | 2025-11-17 07:41:09.225767 |                 |      | version_1_0 | 
 SRX9221366_SRR12749317_scRecounter_version_1_0  | SRX9221366_SRR12749317  | SRR12749317   | mouse    | 2025-11-17    | scRecounter  |        | 2025-11-17 07:41:09.263857 |                 |      | version_1_0 | 
 SRX9221367_SRR12749328_scRecounter_version_1_0  | SRX9221367_SRR12749328  | SRR12749328   | mouse    | 2025-11-17    | scRecounter  |        | 2025-11-17 07:41:09.532328 |                 |      | version_1_0 | 
 SRX9221366_SRR12749314_scRecounter_version_1_0  | SRX9221366_SRR12749314  | SRR12749314   | mouse    | 2025-11-17    | scRecounter  |        | 2025-11-17 07:41:09.730375 |                 |      | version_1_0 | 
 SRX9221366_SRR12749323_scRecounter_version_1_0  | SRX9221366_SRR12749323  | SRR12749323   | mouse    | 2025-11-17    | scRecounter  |        | 2025-11-17 07:41:10.035491 |                 |      | version_1_0 | 
 SRX9221365_SRR12749287_scRecounter_version_1_0  | SRX9221365_SRR12749287  | SRR12749287   | mouse    | 2025-11-17    | scRecounter  |        | 2025-11-17 07:41:10.111534 |                 |      | version_1_0 | 
 SRX9221366_SRR12749322_scRecounter_version_1_0  | SRX9221366_SRR12749322  | SRR12749322   | mouse    | 2025-11-17    | scRecounter  |        | 2025-11-17 07:41:10.315369 |                 |      | version_1_0 | 
 SRX9221367_SRR12749326_scRecounter_version_1_0  | SRX9221367_SRR12749326  | SRR12749326   | mouse    | 2025-11-17    | scRecounter  |        | 2025-11-17 07:41:10.333835 |                 |      | version_1_0 | 
 SRX9221366_SRR12749324_scRecounter_version_1_0  | SRX9221366_SRR12749324  | SRR12749324   | mouse    | 2025-11-17    | scRecounter  |        | 2025-11-17 07:41:10.351089 |                 |      | version_1_0 | 
 SRX9221367_SRR12749330_scRecounter_version_1_0  | SRX9221367_SRR12749330  | SRR12749330   | mouse    | 2025-11-17    | scRecounter  |        | 2025-11-17 07:41:10.401569 |                 |      | version_1_0 | 
 SRX9221365_SRR12749286_scRecounter_version_1_0  | SRX9221365_SRR12749286  | SRR12749286   | mouse    | 2025-11-17    | scRecounter  |        | 2025-11-17 07:41:10.419169 |                 |      | version_1_0 | 
 SRX9221370_SRR12749378_scRecounter_version_1_0  | SRX9221370_SRR12749378  | SRR12749378   | mouse    | 2025-11-17    | scRecounter  |        | 2025-11-17 07:46:30.976255 |                 |      | version_1_0 | 
 SRX9221371_SRR12749386_scRecounter_version_1_0  | SRX9221371_SRR12749386  | SRR12749386   | mouse    | 2025-11-17    | scRecounter  |        | 2025-11-17 07:46:31.060917 |                 |      | version_1_0 | 
 SRX9221371_SRR12749383_scRecounter_version_1_0  | SRX9221371_SRR12749383  | SRR12749383   | mouse    | 2025-11-17    | scRecounter  |        | 2025-11-17 07:46:31.190379 |                 |      | version_1_0 | 
 SRX9221370_SRR12749376_scRecounter_version_1_0  | SRX9221370_SRR12749376  | SRR12749376   | mouse    | 2025-11-17    | scRecounter  |        | 2025-11-17 07:46:31.238199 |                 |      | version_1_0 | 
 SRX9221370_SRR12749372_scRecounter_version_1_0  | SRX9221370_SRR12749372  | SRR12749372   | mouse    | 2025-11-17    | scRecounter  |        | 2025-11-17 07:46:31.279167 |                 |      | version_1_0 | 
 SRX9221370_SRR12749373_scRecounter_version_1_0  | SRX9221370_SRR12749373  | SRR12749373   | mouse    | 2025-11-17    | scRecounter  |        | 2025-11-17 07:46:31.302023 |                 |      | version_1_0 | 
 SRX9221371_SRR12749384_scRecounter_version_1_0  | SRX9221371_SRR12749384  | SRR12749384   | mouse    | 2025-11-17    | scRecounter  |        | 2025-11-17 07:46:31.308344 |                 |      | version_1_0 | 
 SRX9221370_SRR12749380_scRecounter_version_1_0  | SRX9221370_SRR12749380  | SRR12749380   | mouse    | 2025-11-17    | scRecounter  |        | 2025-11-17 07:46:31.308406 |                 |      | version_1_0 | 
 SRX9221370_SRR12749374_scRecounter_version_1_0  | SRX9221370_SRR12749374  | SRR12749374   | mouse    | 2025-11-17    | scRecounter  |        | 2025-11-17 07:46:31.322923 |                 |      | version_1_0 | 
 SRX9221371_SRR12749382_scRecounter_version_1_0  | SRX9221371_SRR12749382  | SRR12749382   | mouse    | 2025-11-17    | scRecounter  |        | 2025-11-17 07:46:31.358746 |                 |      | version_1_0 | 
 SRX9221371_SRR12749389_scRecounter_version_1_0  | SRX9221371_SRR12749389  | SRR12749389   | mouse    | 2025-11-17    | scRecounter  |        | 2025-11-17 07:46:31.371931 |                 |      | version_1_0 | 
 SRX9221370_SRR12749375_scRecounter_version_1_0  | SRX9221370_SRR12749375  | SRR12749375   | mouse    | 2025-11-17    | scRecounter  |        | 2025-11-17 07:46:31.405279 |                 |      | version_1_0 | 
 SRX9221371_SRR12749390_scRecounter_version_1_0  | SRX9221371_SRR12749390  | SRR12749390   | mouse    | 2025-11-17    | scRecounter  |        | 2025-11-17 07:46:31.422958 |                 |      | version_1_0 | 
 SRX9221370_SRR12749377_scRecounter_version_1_0  | SRX9221370_SRR12749377  | SRR12749377   | mouse    | 2025-11-17    | scRecounter  |        | 2025-11-17 07:46:31.422994 |                 |      | version_1_0 | 
 SRX9221371_SRR12749381_scRecounter_version_1_0  | SRX9221371_SRR12749381  | SRR12749381   | mouse    | 2025-11-17    | scRecounter  |        | 2025-11-17 07:46:31.432508 |                 |      | version_1_0 | 
 SRX9221371_SRR12749392_scRecounter_version_1_0  | SRX9221371_SRR12749392  | SRR12749392   | mouse    | 2025-11-17    | scRecounter  |        | 2025-11-17 07:46:31.441789 |                 |      | version_1_0 | 
 SRX9221370_SRR12749369_scRecounter_version_1_0  | SRX9221370_SRR12749369  | SRR12749369   | mouse    | 2025-11-17    | scRecounter  |        | 2025-11-17 07:46:31.442355 |                 |      | version_1_0 | 
 SRX9221371_SRR12749391_scRecounter_version_1_0  | SRX9221371_SRR12749391  | SRR12749391   | mouse    | 2025-11-17    | scRecounter  |        | 2025-11-17 07:46:31.483044 |                 |      | version_1_0 | 
 SRX9221370_SRR12749370_scRecounter_version_1_0  | SRX9221370_SRR12749370  | SRR12749370   | mouse    | 2025-11-17    | scRecounter  |        | 2025-11-17 07:46:31.482244 |                 |      | version_1_0 | 
 SRX9221371_SRR12749387_scRecounter_version_1_0  | SRX9221371_SRR12749387  | SRR12749387   | mouse    | 2025-11-17    | scRecounter  |        | 2025-11-17 07:46:31.490372 |                 |      | version_1_0 | 
 SRX9221371_SRR12749385_scRecounter_version_1_0  | SRX9221371_SRR12749385  | SRR12749385   | mouse    | 2025-11-17    | scRecounter  |        | 2025-11-17 07:46:31.518917 |                 |      | version_1_0 | 
 SRX9221370_SRR12749379_scRecounter_version_1_0  | SRX9221370_SRR12749379  | SRR12749379   | mouse    | 2025-11-17    | scRecounter  |        | 2025-11-17 07:46:31.530038 |                 |      | version_1_0 | 
 SRX9221371_SRR12749388_scRecounter_version_1_0  | SRX9221371_SRR12749388  | SRR12749388   | mouse    | 2025-11-17    | scRecounter  |        | 2025-11-17 07:46:31.574048 |                 |      | version_1_0 | 
 SRX9221370_SRR12749371_scRecounter_version_1_0  | SRX9221370_SRR12749371  | SRR12749371   | mouse    | 2025-11-17    | scRecounter  |        | 2025-11-17 07:46:31.861942 |                 |      | version_1_0 | 
 SRX7584001_SRR10916604_scRecounter_version_1_0  | SRX7584001_SRR10916604  | SRR10916604   | mouse    | 2025-11-17    | scRecounter  |        | 2025-11-17 09:29:39.82074  |                 |      | version_1_0 | 
 SRX7584000_SRR10916603_scRecounter_version_1_0  | SRX7584000_SRR10916603  | SRR10916603   | mouse    | 2025-11-17    | scRecounter  |        | 2025-11-17 09:29:39.826448 |                 |      | version_1_0 | 
 SRX7584004_SRR10916607_scRecounter_version_1_0  | SRX7584004_SRR10916607  | SRR10916607   | mouse    | 2025-11-17    | scRecounter  |        | 2025-11-17 09:29:39.842463 |                 |      | version_1_0 | 
 SRX7584003_SRR10916606_scRecounter_version_1_0  | SRX7584003_SRR10916606  | SRR10916606   | mouse    | 2025-11-17    | scRecounter  |        | 2025-11-17 09:29:39.841722 |                 |      | version_1_0 | 
 SRX7584002_SRR10916605_scRecounter_version_1_0  | SRX7584002_SRR10916605  | SRR10916605   | mouse    | 2025-11-17    | scRecounter  |        | 2025-11-17 09:29:39.89048  |                 |      | version_1_0 | 
 SRX7583998_SRR10916601_scRecounter_version_1_0  | SRX7583998_SRR10916601  | SRR10916601   | mouse    | 2025-11-17    | scRecounter  |        | 2025-11-17 09:29:39.926563 |                 |      | version_1_0 | 
 SRX7583999_SRR10916602_scRecounter_version_1_0  | SRX7583999_SRR10916602  | SRR10916602   | mouse    | 2025-11-17    | scRecounter  |        | 2025-11-17 09:29:40.003856 |                 |      | version_1_0 | 
 SRX7583997_SRR10916600_scRecounter_version_1_0  | SRX7583997_SRR10916600  | SRR10916600   | mouse    | 2025-11-17    | scRecounter  |        | 2025-11-17 09:29:40.026545 |                 |      | version_1_0 | 
 SRX7584011_SRR10916675_scRecounter_version_1_0  | SRX7584011_SRR10916675  | SRR10916675   | mouse    | 2025-11-17    | scRecounter  |        | 2025-11-17 11:00:35.662281 |                 |      | version_1_0 | 
 SRX7584018_SRR10916631_scRecounter_version_1_0  | SRX7584018_SRR10916631  | SRR10916631   | mouse    | 2025-11-17    | scRecounter  |        | 2025-11-17 11:00:35.754414 |                 |      | version_1_0 | 
 SRX7584017_SRR10916630_scRecounter_version_1_0  | SRX7584017_SRR10916630  | SRR10916630   | mouse    | 2025-11-17    | scRecounter  |        | 2025-11-17 11:00:35.839283 |                 |      | version_1_0 | 
 SRX7584019_SRR10916635_scRecounter_version_1_0  | SRX7584019_SRR10916635  | SRR10916635   | mouse    | 2025-11-17    | scRecounter  |        | 2025-11-17 11:00:35.885585 |                 |      | version_1_0 | 
 SRX7584011_SRR10916677_scRecounter_version_1_0  | SRX7584011_SRR10916677  | SRR10916677   | mouse    | 2025-11-17    | scRecounter  |        | 2025-11-17 11:00:35.945429 |                 |      | version_1_0 | 
 SRX7584011_SRR10916678_scRecounter_version_1_0  | SRX7584011_SRR10916678  | SRR10916678   | mouse    | 2025-11-17    | scRecounter  |        | 2025-11-17 11:00:35.953298 |                 |      | version_1_0 | 
 SRX7584014_SRR10916618_scRecounter_version_1_0  | SRX7584014_SRR10916618  | SRR10916618   | mouse    | 2025-11-17    | scRecounter  |        | 2025-11-17 11:00:36.022316 |                 |      | version_1_0 | 
 SRX7584027_SRR10916658_scRecounter_version_1_0  | SRX7584027_SRR10916658  | SRR10916658   | mouse    | 2025-11-17    | scRecounter  |        | 2025-11-17 11:00:36.032296 |                 |      | version_1_0 | 
 SRX7584025_SRR10916648_scRecounter_version_1_0  | SRX7584025_SRR10916648  | SRR10916648   | mouse    | 2025-11-17    | scRecounter  |        | 2025-11-17 11:00:36.043038 |                 |      | version_1_0 | 
 SRX7584019_SRR10916638_scRecounter_version_1_0  | SRX7584019_SRR10916638  | SRR10916638   | mouse    | 2025-11-17    | scRecounter  |        | 2025-11-17 11:00:36.117773 |                 |      | version_1_0 | 
 SRX7584025_SRR10916649_scRecounter_version_1_0  | SRX7584025_SRR10916649  | SRR10916649   | mouse    | 2025-11-17    | scRecounter  |        | 2025-11-17 11:00:36.121848 |                 |      | version_1_0 | 
 SRX7584010_SRR10916674_scRecounter_version_1_0  | SRX7584010_SRR10916674  | SRR10916674   | mouse    | 2025-11-17    | scRecounter  |        | 2025-11-17 11:00:36.147188 |                 |      | version_1_0 | 
 SRX7584009_SRR10916668_scRecounter_version_1_0  | SRX7584009_SRR10916668  | SRR10916668   | mouse    | 2025-11-17    | scRecounter  |        | 2025-11-17 11:00:36.184625 |                 |      | version_1_0 | 
 SRX7584015_SRR10916620_scRecounter_version_1_0  | SRX7584015_SRR10916620  | SRR10916620   | mouse    | 2025-11-17    | scRecounter  |        | 2025-11-17 11:00:36.247267 |                 |      | version_1_0 | 
 SRX7584011_SRR10916676_scRecounter_version_1_0  | SRX7584011_SRR10916676  | SRR10916676   | mouse    | 2025-11-17    | scRecounter  |        | 2025-11-17 11:00:36.284067 |                 |      | version_1_0 | 
 SRX7584026_SRR10916651_scRecounter_version_1_0  | SRX7584026_SRR10916651  | SRR10916651   | mouse    | 2025-11-17    | scRecounter  |        | 2025-11-17 11:00:36.308952 |                 |      | version_1_0 | 
 SRX7584007_SRR10916659_scRecounter_version_1_0  | SRX7584007_SRR10916659  | SRR10916659   | mouse    | 2025-11-17    | scRecounter  |        | 2025-11-17 11:00:36.315214 |                 |      | version_1_0 | 
 SRX7584027_SRR10916656_scRecounter_version_1_0  | SRX7584027_SRR10916656  | SRR10916656   | mouse    | 2025-11-17    | scRecounter  |        | 2025-11-17 11:00:36.322378 |                 |      | version_1_0 | 
 SRX7584012_SRR10916610_scRecounter_version_1_0  | SRX7584012_SRR10916610  | SRR10916610   | mouse    | 2025-11-17    | scRecounter  |        | 2025-11-17 11:00:36.344298 |                 |      | version_1_0 | 
 SRX7584008_SRR10916663_scRecounter_version_1_0  | SRX7584008_SRR10916663  | SRR10916663   | mouse    | 2025-11-17    | scRecounter  |        | 2025-11-17 11:00:36.350464 |                 |      | version_1_0 | 
 SRX7584025_SRR10916647_scRecounter_version_1_0  | SRX7584025_SRR10916647  | SRR10916647   | mouse    | 2025-11-17    | scRecounter  |        | 2025-11-17 11:00:36.383258 |                 |      | version_1_0 | 
 SRX7584008_SRR10916666_scRecounter_version_1_0  | SRX7584008_SRR10916666  | SRR10916666   | mouse    | 2025-11-17    | scRecounter  |        | 2025-11-17 11:00:36.388889 |                 |      | version_1_0 | 
 SRX7584008_SRR10916664_scRecounter_version_1_0  | SRX7584008_SRR10916664  | SRR10916664   | mouse    | 2025-11-17    | scRecounter  |        | 2025-11-17 11:00:36.418716 |                 |      | version_1_0 | 
 SRX7584009_SRR10916669_scRecounter_version_1_0  | SRX7584009_SRR10916669  | SRR10916669   | mouse    | 2025-11-17    | scRecounter  |        | 2025-11-17 11:00:36.418054 |                 |      | version_1_0 | 
 SRX7584016_SRR10916626_scRecounter_version_1_0  | SRX7584016_SRR10916626  | SRR10916626   | mouse    | 2025-11-17    | scRecounter  |        | 2025-11-17 11:00:36.421859 |                 |      | version_1_0 | 
 SRX7584018_SRR10916634_scRecounter_version_1_0  | SRX7584018_SRR10916634  | SRR10916634   | mouse    | 2025-11-17    | scRecounter  |        | 2025-11-17 11:00:36.442471 |                 |      | version_1_0 | 
 SRX7584013_SRR10916611_scRecounter_version_1_0  | SRX7584013_SRR10916611  | SRR10916611   | mouse    | 2025-11-17    | scRecounter  |        | 2025-11-17 11:00:36.458084 |                 |      | version_1_0 | 
 SRX7584027_SRR10916657_scRecounter_version_1_0  | SRX7584027_SRR10916657  | SRR10916657   | mouse    | 2025-11-17    | scRecounter  |        | 2025-11-17 11:00:36.494721 |                 |      | version_1_0 | 
 SRX7584010_SRR10916672_scRecounter_version_1_0  | SRX7584010_SRR10916672  | SRR10916672   | mouse    | 2025-11-17    | scRecounter  |        | 2025-11-17 11:00:36.506997 |                 |      | version_1_0 | 
 SRX7584018_SRR10916632_scRecounter_version_1_0  | SRX7584018_SRR10916632  | SRR10916632   | mouse    | 2025-11-17    | scRecounter  |        | 2025-11-17 11:00:36.536591 |                 |      | version_1_0 | 
 SRX7584007_SRR10916661_scRecounter_version_1_0  | SRX7584007_SRR10916661  | SRR10916661   | mouse    | 2025-11-17    | scRecounter  |        | 2025-11-17 11:00:36.537325 |                 |      | version_1_0 | 
 SRX7584014_SRR10916616_scRecounter_version_1_0  | SRX7584014_SRR10916616  | SRR10916616   | mouse    | 2025-11-17    | scRecounter  |        | 2025-11-17 11:00:36.573637 |                 |      | version_1_0 | 
 SRX7584026_SRR10916652_scRecounter_version_1_0  | SRX7584026_SRR10916652  | SRR10916652   | mouse    | 2025-11-17    | scRecounter  |        | 2025-11-17 11:00:36.597546 |                 |      | version_1_0 | 
 SRX7584015_SRR10916619_scRecounter_version_1_0  | SRX7584015_SRR10916619  | SRR10916619   | mouse    | 2025-11-17    | scRecounter  |        | 2025-11-17 11:00:36.601306 |                 |      | version_1_0 | 
 SRX7584017_SRR10916629_scRecounter_version_1_0  | SRX7584017_SRR10916629  | SRR10916629   | mouse    | 2025-11-17    | scRecounter  |        | 2025-11-17 11:00:36.605551 |                 |      | version_1_0 | 
 SRX7584019_SRR10916636_scRecounter_version_1_0  | SRX7584019_SRR10916636  | SRR10916636   | mouse    | 2025-11-17    | scRecounter  |        | 2025-11-17 11:00:36.610469 |                 |      | version_1_0 | 
 SRX7584016_SRR10916623_scRecounter_version_1_0  | SRX7584016_SRR10916623  | SRR10916623   | mouse    | 2025-11-17    | scRecounter  |        | 2025-11-17 11:00:36.678581 |                 |      | version_1_0 | 
 SRX7584008_SRR10916665_scRecounter_version_1_0  | SRX7584008_SRR10916665  | SRR10916665   | mouse    | 2025-11-17    | scRecounter  |        | 2025-11-17 11:00:36.68439  |                 |      | version_1_0 | 
 SRX7584009_SRR10916667_scRecounter_version_1_0  | SRX7584009_SRR10916667  | SRR10916667   | mouse    | 2025-11-17    | scRecounter  |        | 2025-11-17 11:00:36.694166 |                 |      | version_1_0 | 
 SRX7584013_SRR10916612_scRecounter_version_1_0  | SRX7584013_SRR10916612  | SRR10916612   | mouse    | 2025-11-17    | scRecounter  |        | 2025-11-17 11:00:36.713432 |                 |      | version_1_0 | 
 SRX7584015_SRR10916621_scRecounter_version_1_0  | SRX7584015_SRR10916621  | SRR10916621   | mouse    | 2025-11-17    | scRecounter  |        | 2025-11-17 11:00:36.752739 |                 |      | version_1_0 | 
 SRX7584026_SRR10916653_scRecounter_version_1_0  | SRX7584026_SRR10916653  | SRR10916653   | mouse    | 2025-11-17    | scRecounter  |        | 2025-11-17 11:00:36.760042 |                 |      | version_1_0 | 
 SRX7584014_SRR10916617_scRecounter_version_1_0  | SRX7584014_SRR10916617  | SRR10916617   | mouse    | 2025-11-17    | scRecounter  |        | 2025-11-17 11:00:36.761449 |                 |      | version_1_0 | 
 SRX7584017_SRR10916627_scRecounter_version_1_0  | SRX7584017_SRR10916627  | SRR10916627   | mouse    | 2025-11-17    | scRecounter  |        | 2025-11-17 11:00:36.771473 |                 |      | version_1_0 | 
 SRX7584007_SRR10916662_scRecounter_version_1_0  | SRX7584007_SRR10916662  | SRR10916662   | mouse    | 2025-11-17    | scRecounter  |        | 2025-11-17 11:00:36.774835 |                 |      | version_1_0 | 
 SRX7584014_SRR10916615_scRecounter_version_1_0  | SRX7584014_SRR10916615  | SRR10916615   | mouse    | 2025-11-17    | scRecounter  |        | 2025-11-17 11:00:36.783321 |                 |      | version_1_0 | 
 SRX7584025_SRR10916650_scRecounter_version_1_0  | SRX7584025_SRR10916650  | SRR10916650   | mouse    | 2025-11-17    | scRecounter  |        | 2025-11-17 11:00:36.783924 |                 |      | version_1_0 | 
 SRX7584007_SRR10916660_scRecounter_version_1_0  | SRX7584007_SRR10916660  | SRR10916660   | mouse    | 2025-11-17    | scRecounter  |        | 2025-11-17 11:00:36.789156 |                 |      | version_1_0 | 
 SRX7584010_SRR10916671_scRecounter_version_1_0  | SRX7584010_SRR10916671  | SRR10916671   | mouse    | 2025-11-17    | scRecounter  |        | 2025-11-17 11:00:36.806033 |                 |      | version_1_0 | 
 SRX7584013_SRR10916613_scRecounter_version_1_0  | SRX7584013_SRR10916613  | SRR10916613   | mouse    | 2025-11-17    | scRecounter  |        | 2025-11-17 11:00:36.816174 |                 |      | version_1_0 | 
 SRX7584009_SRR10916670_scRecounter_version_1_0  | SRX7584009_SRR10916670  | SRR10916670   | mouse    | 2025-11-17    | scRecounter  |        | 2025-11-17 11:00:36.829992 |                 |      | version_1_0 | 
 SRX7584016_SRR10916625_scRecounter_version_1_0  | SRX7584016_SRR10916625  | SRR10916625   | mouse    | 2025-11-17    | scRecounter  |        | 2025-11-17 11:00:36.848187 |                 |      | version_1_0 | 
 SRX7584016_SRR10916624_scRecounter_version_1_0  | SRX7584016_SRR10916624  | SRR10916624   | mouse    | 2025-11-17    | scRecounter  |        | 2025-11-17 11:00:36.851815 |                 |      | version_1_0 | 
 SRX7584005_SRR10916608_scRecounter_version_1_0  | SRX7584005_SRR10916608  | SRR10916608   | mouse    | 2025-11-17    | scRecounter  |        | 2025-11-17 11:00:36.858725 |                 |      | version_1_0 | 
 SRX7584027_SRR10916655_scRecounter_version_1_0  | SRX7584027_SRR10916655  | SRR10916655   | mouse    | 2025-11-17    | scRecounter  |        | 2025-11-17 11:00:36.905679 |                 |      | version_1_0 | 
 SRX7584019_SRR10916637_scRecounter_version_1_0  | SRX7584019_SRR10916637  | SRR10916637   | mouse    | 2025-11-17    | scRecounter  |        | 2025-11-17 11:00:36.923566 |                 |      | version_1_0 | 
 SRX7584010_SRR10916673_scRecounter_version_1_0  | SRX7584010_SRR10916673  | SRR10916673   | mouse    | 2025-11-17    | scRecounter  |        | 2025-11-17 11:00:36.96723  |                 |      | version_1_0 | 
 SRX7584015_SRR10916622_scRecounter_version_1_0  | SRX7584015_SRR10916622  | SRR10916622   | mouse    | 2025-11-17    | scRecounter  |        | 2025-11-17 11:00:36.991975 |                 |      | version_1_0 | 
 SRX7584013_SRR10916614_scRecounter_version_1_0  | SRX7584013_SRR10916614  | SRR10916614   | mouse    | 2025-11-17    | scRecounter  |        | 2025-11-17 11:00:36.996654 |                 |      | version_1_0 | 
 SRX7584017_SRR10916628_scRecounter_version_1_0  | SRX7584017_SRR10916628  | SRR10916628   | mouse    | 2025-11-17    | scRecounter  |        | 2025-11-17 11:00:38.16819  |                 |      | version_1_0 | 
 SRX7584006_SRR10916609_scRecounter_version_1_0  | SRX7584006_SRR10916609  | SRR10916609   | mouse    | 2025-11-17    | scRecounter  |        | 2025-11-17 11:00:38.929451 |                 |      | version_1_0 | 
 SRX7584026_SRR10916654_scRecounter_version_1_0  | SRX7584026_SRR10916654  | SRR10916654   | mouse    | 2025-11-17    | scRecounter  |        | 2025-11-17 11:00:39.273029 |                 |      | version_1_0 | 
 SRX7584018_SRR10916633_scRecounter_version_1_0  | SRX7584018_SRR10916633  | SRR10916633   | mouse    | 2025-11-17    | scRecounter  |        | 2025-11-17 11:00:39.331508 |                 |      | version_1_0 | 
 SRX8464109_SRR11917666_scRecounter_version_1_0  | SRX8464109_SRR11917666  | SRR11917666   | mouse    | 2025-11-17    | scRecounter  |        | 2025-11-17 15:38:30.35555  |                 |      | version_1_0 | 
 SRX8464109_SRR11917665_scRecounter_version_1_0  | SRX8464109_SRR11917665  | SRR11917665   | mouse    | 2025-11-17    | scRecounter  |        | 2025-11-17 15:38:30.387046 |                 |      | version_1_0 | 
 SRX2484918_SRR5167996_scRecounter_version_1_0   | SRX2484918_SRR5167996   | SRR5167996    | mouse    | 2025-11-17    | scRecounter  |        | 2025-11-17 18:25:25.601912 |                 |      | version_1_0 | 
 SRX2484918_SRR5259458_scRecounter_version_1_0   | SRX2484918_SRR5259458   | SRR5259458    | mouse    | 2025-11-17    | scRecounter  |        | 2025-11-17 18:25:25.657345 |                 |      | version_1_0 | 
 SRX2484920_SRR5167998_scRecounter_version_1_0   | SRX2484920_SRR5167998   | SRR5167998    | mouse    | 2025-11-17    | scRecounter  |        | 2025-11-17 19:32:16.533799 |                 |      | version_1_0 | 
 SRX2484920_SRR5259460_scRecounter_version_1_0   | SRX2484920_SRR5259460   | SRR5259460    | mouse    | 2025-11-17    | scRecounter  |        | 2025-11-17 19:32:16.568048 |                 |      | version_1_0 | 
 SRX2484919_SRR5167997_scRecounter_version_1_0   | SRX2484919_SRR5167997   | SRR5167997    | mouse    | 2025-11-17    | scRecounter  |        | 2025-11-17 19:32:16.572762 |                 |      | version_1_0 | 
 SRX2484922_SRR5259462_scRecounter_version_1_0   | SRX2484922_SRR5259462   | SRR5259462    | mouse    | 2025-11-17    | scRecounter  |        | 2025-11-17 19:32:16.582043 |                 |      | version_1_0 | 
 SRX2484921_SRR5167999_scRecounter_version_1_0   | SRX2484921_SRR5167999   | SRR5167999    | mouse    | 2025-11-17    | scRecounter  |        | 2025-11-17 19:32:16.584871 |                 |      | version_1_0 | 
 SRX2484919_SRR5259459_scRecounter_version_1_0   | SRX2484919_SRR5259459   | SRR5259459    | mouse    | 2025-11-17    | scRecounter  |        | 2025-11-17 19:32:16.587649 |                 |      | version_1_0 | 
 SRX2484922_SRR5168000_scRecounter_version_1_0   | SRX2484922_SRR5168000   | SRR5168000    | mouse    | 2025-11-17    | scRecounter  |        | 2025-11-17 19:32:16.626078 |                 |      | version_1_0 | 
 SRX2484921_SRR5259461_scRecounter_version_1_0   | SRX2484921_SRR5259461   | SRR5259461    | mouse    | 2025-11-17    | scRecounter  |        | 2025-11-17 19:32:16.671651 |                 |      | version_1_0 | 
 SRX2484923_SRR5168001_scRecounter_version_1_0   | SRX2484923_SRR5168001   | SRR5168001    | mouse    | 2025-11-17    | scRecounter  |        | 2025-11-17 19:33:44.10616  |                 |      | version_1_0 | 
 SRX2484925_SRR5168003_scRecounter_version_1_0   | SRX2484925_SRR5168003   | SRR5168003    | mouse    | 2025-11-17    | scRecounter  |        | 2025-11-17 19:33:44.132432 |                 |      | version_1_0 | 
 SRX2484926_SRR5168004_scRecounter_version_1_0   | SRX2484926_SRR5168004   | SRR5168004    | mouse    | 2025-11-17    | scRecounter  |        | 2025-11-17 19:33:44.150459 |                 |      | version_1_0 | 
 SRX2484923_SRR5259463_scRecounter_version_1_0   | SRX2484923_SRR5259463   | SRR5259463    | mouse    | 2025-11-17    | scRecounter  |        | 2025-11-17 19:33:44.18084  |                 |      | version_1_0 | 
 SRX2484925_SRR5259465_scRecounter_version_1_0   | SRX2484925_SRR5259465   | SRR5259465    | mouse    | 2025-11-17    | scRecounter  |        | 2025-11-17 19:33:44.188854 |                 |      | version_1_0 | 
 SRX2484924_SRR5259464_scRecounter_version_1_0   | SRX2484924_SRR5259464   | SRR5259464    | mouse    | 2025-11-17    | scRecounter  |        | 2025-11-17 19:33:44.197953 |                 |      | version_1_0 | 
 SRX2484926_SRR5259466_scRecounter_version_1_0   | SRX2484926_SRR5259466   | SRR5259466    | mouse    | 2025-11-17    | scRecounter  |        | 2025-11-17 19:33:44.19889  |                 |      | version_1_0 | 
 SRX2484924_SRR5168002_scRecounter_version_1_0   | SRX2484924_SRR5168002   | SRR5168002    | mouse    | 2025-11-17    | scRecounter  |        | 2025-11-17 19:33:44.349325 |                 |      | version_1_0 | 
 SRX2484929_SRR5259469_scRecounter_version_1_0   | SRX2484929_SRR5259469   | SRR5259469    | mouse    | 2025-11-17    | scRecounter  |        | 2025-11-17 19:35:00.214967 |                 |      | version_1_0 | 
 SRX2484928_SRR5259468_scRecounter_version_1_0   | SRX2484928_SRR5259468   | SRR5259468    | mouse    | 2025-11-17    | scRecounter  |        | 2025-11-17 19:35:00.224758 |                 |      | version_1_0 | 
 SRX2484927_SRR5259467_scRecounter_version_1_0   | SRX2484927_SRR5259467   | SRR5259467    | mouse    | 2025-11-17    | scRecounter  |        | 2025-11-17 19:35:00.253098 |                 |      | version_1_0 | 
 SRX2484927_SRR5168005_scRecounter_version_1_0   | SRX2484927_SRR5168005   | SRR5168005    | mouse    | 2025-11-17    | scRecounter  |        | 2025-11-17 19:35:00.267554 |                 |      | version_1_0 | 
 SRX2484929_SRR5168007_scRecounter_version_1_0   | SRX2484929_SRR5168007   | SRR5168007    | mouse    | 2025-11-17    | scRecounter  |        | 2025-11-17 19:35:00.284773 |                 |      | version_1_0 | 
 SRX2484930_SRR5168008_scRecounter_version_1_0   | SRX2484930_SRR5168008   | SRR5168008    | mouse    | 2025-11-17    | scRecounter  |        | 2025-11-17 19:35:00.31812  |                 |      | version_1_0 | 
 SRX2484928_SRR5168006_scRecounter_version_1_0   | SRX2484928_SRR5168006   | SRR5168006    | mouse    | 2025-11-17    | scRecounter  |        | 2025-11-17 19:35:00.340696 |                 |      | version_1_0 | 
 SRX2484930_SRR5259470_scRecounter_version_1_0   | SRX2484930_SRR5259470   | SRR5259470    | mouse    | 2025-11-17    | scRecounter  |        | 2025-11-17 19:35:00.411271 |                 |      | version_1_0 | 
 SRX2484932_SRR5259472_scRecounter_version_1_0   | SRX2484932_SRR5259472   | SRR5259472    | mouse    | 2025-11-17    | scRecounter  |        | 2025-11-17 19:36:14.597448 |                 |      | version_1_0 | 
 SRX2484933_SRR5168011_scRecounter_version_1_0   | SRX2484933_SRR5168011   | SRR5168011    | mouse    | 2025-11-17    | scRecounter  |        | 2025-11-17 19:36:14.616504 |                 |      | version_1_0 | 
 SRX2484933_SRR5259473_scRecounter_version_1_0   | SRX2484933_SRR5259473   | SRR5259473    | mouse    | 2025-11-17    | scRecounter  |        | 2025-11-17 19:36:14.644488 |                 |      | version_1_0 | 
 SRX2484932_SRR5168010_scRecounter_version_1_0   | SRX2484932_SRR5168010   | SRR5168010    | mouse    | 2025-11-17    | scRecounter  |        | 2025-11-17 19:36:14.680751 |                 |      | version_1_0 | 
 SRX2484934_SRR5259474_scRecounter_version_1_0   | SRX2484934_SRR5259474   | SRR5259474    | mouse    | 2025-11-17    | scRecounter  |        | 2025-11-17 19:36:14.698922 |                 |      | version_1_0 | 
 SRX2484931_SRR5168009_scRecounter_version_1_0   | SRX2484931_SRR5168009   | SRR5168009    | mouse    | 2025-11-17    | scRecounter  |        | 2025-11-17 19:36:14.699492 |                 |      | version_1_0 | 
 SRX2484931_SRR5259471_scRecounter_version_1_0   | SRX2484931_SRR5259471   | SRR5259471    | mouse    | 2025-11-17    | scRecounter  |        | 2025-11-17 19:36:14.722781 |                 |      | version_1_0 | 
 SRX2484934_SRR5168012_scRecounter_version_1_0   | SRX2484934_SRR5168012   | SRR5168012    | mouse    | 2025-11-17    | scRecounter  |        | 2025-11-17 19:36:14.82255  |                 |      | version_1_0 | 
 SRX3856559_SRR6908384_scRecounter_version_1_0   | SRX3856559_SRR6908384   | SRR6908384    | mouse    | 2025-11-17    | scRecounter  |        | 2025-11-17 19:37:14.533363 |                 |      | version_1_0 | 
 SRX3856560_SRR6908385_scRecounter_version_1_0   | SRX3856560_SRR6908385   | SRR6908385    | mouse    | 2025-11-17    | scRecounter  |        | 2025-11-17 19:37:14.584273 |                 |      | version_1_0 | 
 SRX3856557_SRR6908382_scRecounter_version_1_0   | SRX3856557_SRR6908382   | SRR6908382    | mouse    | 2025-11-17    | scRecounter  |        | 2025-11-17 19:37:14.604054 |                 |      | version_1_0 | 
 SRX3856556_SRR6908381_scRecounter_version_1_0   | SRX3856556_SRR6908381   | SRR6908381    | mouse    | 2025-11-17    | scRecounter  |        | 2025-11-17 19:37:14.621296 |                 |      | version_1_0 | 
 SRX3856558_SRR6908383_scRecounter_version_1_0   | SRX3856558_SRR6908383   | SRR6908383    | mouse    | 2025-11-17    | scRecounter  |        | 2025-11-17 19:37:14.691058 |                 |      | version_1_0 | 
 SRX5786625_SRR9008424_scRecounter_version_1_0   | SRX5786625_SRR9008424   | SRR9008424    | mouse    | 2025-11-17    | scRecounter  |        | 2025-11-17 19:38:20.778801 |                 |      | version_1_0 | 
 SRX3856561_SRR6908386_scRecounter_version_1_0   | SRX3856561_SRR6908386   | SRR6908386    | mouse    | 2025-11-17    | scRecounter  |        | 2025-11-17 19:38:20.785043 |                 |      | version_1_0 | 
 SRX5786627_SRR9008426_scRecounter_version_1_0   | SRX5786627_SRR9008426   | SRR9008426    | mouse    | 2025-11-17    | scRecounter  |        | 2025-11-17 19:38:20.78967  |                 |      | version_1_0 | 
 SRX2484858_SRR5167936_scRecounter_version_1_0   | SRX2484858_SRR5167936   | SRR5167936    | mouse    | 2025-11-17    | scRecounter  |        | 2025-11-17 23:31:33.557323 |                 |      | version_1_0 | 
 SRX7583993_SRR10916596_scRecounter_version_1_0  | SRX7583993_SRR10916596  | SRR10916596   | mouse    | 2025-11-17    | scRecounter  |        | 2025-11-17 23:31:33.610187 |                 |      | version_1_0 | 
 SRX2484858_SRR5259394_scRecounter_version_1_0   | SRX2484858_SRR5259394   | SRR5259394    | mouse    | 2025-11-17    | scRecounter  |        | 2025-11-17 23:31:33.645457 |                 |      | version_1_0 | 
 SRX7583994_SRR10916597_scRecounter_version_1_0  | SRX7583994_SRR10916597  | SRR10916597   | mouse    | 2025-11-17    | scRecounter  |        | 2025-11-17 23:31:33.711481 |                 |      | version_1_0 | 
 SRX7583991_SRR10916593_scRecounter_version_1_0  | SRX7583991_SRR10916593  | SRR10916593   | mouse    | 2025-11-17    | scRecounter  |        | 2025-11-17 23:31:33.747412 |                 |      | version_1_0 | 
 SRX7583995_SRR10916598_scRecounter_version_1_0  | SRX7583995_SRR10916598  | SRR10916598   | mouse    | 2025-11-17    | scRecounter  |        | 2025-11-17 23:31:33.781691 |                 |      | version_1_0 | 
 SRX7583992_SRR10916594_scRecounter_version_1_0  | SRX7583992_SRR10916594  | SRR10916594   | mouse    | 2025-11-17    | scRecounter  |        | 2025-11-17 23:31:33.804198 |                 |      | version_1_0 | 
 SRX7583992_SRR10916595_scRecounter_version_1_0  | SRX7583992_SRR10916595  | SRR10916595   | mouse    | 2025-11-17    | scRecounter  |        | 2025-11-17 23:31:33.810383 |                 |      | version_1_0 | 
 SRX7583996_SRR10916599_scRecounter_version_1_0  | SRX7583996_SRR10916599  | SRR10916599   | mouse    | 2025-11-17    | scRecounter  |        | 2025-11-17 23:31:33.827317 |                 |      | version_1_0 | 
 SRX2484860_SRR5167938_scRecounter_version_1_0   | SRX2484860_SRR5167938   | SRR5167938    | mouse    | 2025-11-18    | scRecounter  |        | 2025-11-18 00:07:20.173152 |                 |      | version_1_0 | 
 SRX2484861_SRR5259400_scRecounter_version_1_0   | SRX2484861_SRR5259400   | SRR5259400    | mouse    | 2025-11-18    | scRecounter  |        | 2025-11-18 00:07:20.231399 |                 |      | version_1_0 | 
 SRX2484861_SRR5167939_scRecounter_version_1_0   | SRX2484861_SRR5167939   | SRR5167939    | mouse    | 2025-11-18    | scRecounter  |        | 2025-11-18 00:07:20.25713  |                 |      | version_1_0 | 
 SRX2484860_SRR5259398_scRecounter_version_1_0   | SRX2484860_SRR5259398   | SRR5259398    | mouse    | 2025-11-18    | scRecounter  |        | 2025-11-18 00:07:20.280488 |                 |      | version_1_0 | 
 SRX2484859_SRR5259396_scRecounter_version_1_0   | SRX2484859_SRR5259396   | SRR5259396    | mouse    | 2025-11-18    | scRecounter  |        | 2025-11-18 00:07:20.281063 |                 |      | version_1_0 | 
 SRX2484862_SRR5259402_scRecounter_version_1_0   | SRX2484862_SRR5259402   | SRR5259402    | mouse    | 2025-11-18    | scRecounter  |        | 2025-11-18 00:07:20.298354 |                 |      | version_1_0 | 
 SRX2484862_SRR5167940_scRecounter_version_1_0   | SRX2484862_SRR5167940   | SRR5167940    | mouse    | 2025-11-18    | scRecounter  |        | 2025-11-18 00:07:20.33263  |                 |      | version_1_0 | 
 SRX2484859_SRR5167937_scRecounter_version_1_0   | SRX2484859_SRR5167937   | SRR5167937    | mouse    | 2025-11-18    | scRecounter  |        | 2025-11-18 00:07:20.406867 |                 |      | version_1_0 | 
 SRX2484865_SRR5167943_scRecounter_version_1_0   | SRX2484865_SRR5167943   | SRR5167943    | mouse    | 2025-11-18    | scRecounter  |        | 2025-11-18 00:08:20.508545 |                 |      | version_1_0 | 
 SRX2484866_SRR5167944_scRecounter_version_1_0   | SRX2484866_SRR5167944   | SRR5167944    | mouse    | 2025-11-18    | scRecounter  |        | 2025-11-18 00:08:20.571564 |                 |      | version_1_0 | 
 SRX2484866_SRR5259406_scRecounter_version_1_0   | SRX2484866_SRR5259406   | SRR5259406    | mouse    | 2025-11-18    | scRecounter  |        | 2025-11-18 00:08:20.577868 |                 |      | version_1_0 | 
 SRX2484864_SRR5259404_scRecounter_version_1_0   | SRX2484864_SRR5259404   | SRR5259404    | mouse    | 2025-11-18    | scRecounter  |        | 2025-11-18 00:08:20.57722  |                 |      | version_1_0 | 
 SRX2484863_SRR5259403_scRecounter_version_1_0   | SRX2484863_SRR5259403   | SRR5259403    | mouse    | 2025-11-18    | scRecounter  |        | 2025-11-18 00:08:20.601437 |                 |      | version_1_0 | 
 SRX2484865_SRR5259405_scRecounter_version_1_0   | SRX2484865_SRR5259405   | SRR5259405    | mouse    | 2025-11-18    | scRecounter  |        | 2025-11-18 00:08:20.639627 |                 |      | version_1_0 | 
 SRX2484863_SRR5167941_scRecounter_version_1_0   | SRX2484863_SRR5167941   | SRR5167941    | mouse    | 2025-11-18    | scRecounter  |        | 2025-11-18 00:08:20.649991 |                 |      | version_1_0 | 
 SRX2484864_SRR5167942_scRecounter_version_1_0   | SRX2484864_SRR5167942   | SRR5167942    | mouse    | 2025-11-18    | scRecounter  |        | 2025-11-18 00:08:20.668607 |                 |      | version_1_0 | 
 SRX2484868_SRR5167946_scRecounter_version_1_0   | SRX2484868_SRR5167946   | SRR5167946    | mouse    | 2025-11-18    | scRecounter  |        | 2025-11-18 00:14:24.245112 |                 |      | version_1_0 | 
 SRX2484867_SRR5167945_scRecounter_version_1_0   | SRX2484867_SRR5167945   | SRR5167945    | mouse    | 2025-11-18    | scRecounter  |        | 2025-11-18 00:14:24.270526 |                 |      | version_1_0 | 
 SRX2484869_SRR5167947_scRecounter_version_1_0   | SRX2484869_SRR5167947   | SRR5167947    | mouse    | 2025-11-18    | scRecounter  |        | 2025-11-18 00:14:24.27466  |                 |      | version_1_0 | 
 SRX2484868_SRR5259408_scRecounter_version_1_0   | SRX2484868_SRR5259408   | SRR5259408    | mouse    | 2025-11-18    | scRecounter  |        | 2025-11-18 00:14:24.286571 |                 |      | version_1_0 | 
 SRX2484870_SRR5259410_scRecounter_version_1_0   | SRX2484870_SRR5259410   | SRR5259410    | mouse    | 2025-11-18    | scRecounter  |        | 2025-11-18 00:14:24.296564 |                 |      | version_1_0 | 
 SRX2484867_SRR5259407_scRecounter_version_1_0   | SRX2484867_SRR5259407   | SRR5259407    | mouse    | 2025-11-18    | scRecounter  |        | 2025-11-18 00:14:24.315022 |                 |      | version_1_0 | 
 SRX2484869_SRR5259409_scRecounter_version_1_0   | SRX2484869_SRR5259409   | SRR5259409    | mouse    | 2025-11-18    | scRecounter  |        | 2025-11-18 00:14:24.324782 |                 |      | version_1_0 | 
 SRX2484870_SRR5167948_scRecounter_version_1_0   | SRX2484870_SRR5167948   | SRR5167948    | mouse    | 2025-11-18    | scRecounter  |        | 2025-11-18 00:14:24.442878 |                 |      | version_1_0 | 
 SRX2484872_SRR5167950_scRecounter_version_1_0   | SRX2484872_SRR5167950   | SRR5167950    | mouse    | 2025-11-18    | scRecounter  |        | 2025-11-18 00:15:51.409611 |                 |      | version_1_0 | 
 SRX2484871_SRR5167949_scRecounter_version_1_0   | SRX2484871_SRR5167949   | SRR5167949    | mouse    | 2025-11-18    | scRecounter  |        | 2025-11-18 00:15:51.434204 |                 |      | version_1_0 | 
 SRX2484873_SRR5167951_scRecounter_version_1_0   | SRX2484873_SRR5167951   | SRR5167951    | mouse    | 2025-11-18    | scRecounter  |        | 2025-11-18 00:15:51.444712 |                 |      | version_1_0 | 
 SRX2484871_SRR5259411_scRecounter_version_1_0   | SRX2484871_SRR5259411   | SRR5259411    | mouse    | 2025-11-18    | scRecounter  |        | 2025-11-18 00:15:51.466411 |                 |      | version_1_0 | 
 SRX2484873_SRR5259413_scRecounter_version_1_0   | SRX2484873_SRR5259413   | SRR5259413    | mouse    | 2025-11-18    | scRecounter  |        | 2025-11-18 00:15:51.4814   |                 |      | version_1_0 | 
 SRX2484872_SRR5259412_scRecounter_version_1_0   | SRX2484872_SRR5259412   | SRR5259412    | mouse    | 2025-11-18    | scRecounter  |        | 2025-11-18 00:15:51.522752 |                 |      | version_1_0 | 
 SRX2484875_SRR5167953_scRecounter_version_1_0   | SRX2484875_SRR5167953   | SRR5167953    | mouse    | 2025-11-18    | scRecounter  |        | 2025-11-18 00:16:58.206871 |                 |      | version_1_0 | 
 SRX2484874_SRR5259414_scRecounter_version_1_0   | SRX2484874_SRR5259414   | SRR5259414    | mouse    | 2025-11-18    | scRecounter  |        | 2025-11-18 00:16:58.280869 |                 |      | version_1_0 | 
 SRX2484876_SRR5167954_scRecounter_version_1_0   | SRX2484876_SRR5167954   | SRR5167954    | mouse    | 2025-11-18    | scRecounter  |        | 2025-11-18 00:16:58.303623 |                 |      | version_1_0 | 
 SRX2484875_SRR5259415_scRecounter_version_1_0   | SRX2484875_SRR5259415   | SRR5259415    | mouse    | 2025-11-18    | scRecounter  |        | 2025-11-18 00:16:58.30579  |                 |      | version_1_0 | 
 SRX2484874_SRR5167952_scRecounter_version_1_0   | SRX2484874_SRR5167952   | SRR5167952    | mouse    | 2025-11-18    | scRecounter  |        | 2025-11-18 00:16:58.313502 |                 |      | version_1_0 | 
 SRX2484876_SRR5259416_scRecounter_version_1_0   | SRX2484876_SRR5259416   | SRR5259416    | mouse    | 2025-11-18    | scRecounter  |        | 2025-11-18 00:16:58.419509 |                 |      | version_1_0 | 
 SRX2484877_SRR5259417_scRecounter_version_1_0   | SRX2484877_SRR5259417   | SRR5259417    | mouse    | 2025-11-18    | scRecounter  |        | 2025-11-18 00:17:50.551106 |                 |      | version_1_0 | 
 SRX2484877_SRR5167955_scRecounter_version_1_0   | SRX2484877_SRR5167955   | SRR5167955    | mouse    | 2025-11-18    | scRecounter  |        | 2025-11-18 00:17:50.59262  |                 |      | version_1_0 | 
 SRX2484878_SRR5167956_scRecounter_version_1_0   | SRX2484878_SRR5167956   | SRR5167956    | mouse    | 2025-11-18    | scRecounter  |        | 2025-11-18 00:17:50.626953 |                 |      | version_1_0 | 
 SRX2484878_SRR5259418_scRecounter_version_1_0   | SRX2484878_SRR5259418   | SRR5259418    | mouse    | 2025-11-18    | scRecounter  |        | 2025-11-18 00:17:50.628729 |                 |      | version_1_0 | 
 SRX2484879_SRR5167957_scRecounter_version_1_0   | SRX2484879_SRR5167957   | SRR5167957    | mouse    | 2025-11-18    | scRecounter  |        | 2025-11-18 00:17:50.639023 |                 |      | version_1_0 | 
 SRX2484879_SRR5259419_scRecounter_version_1_0   | SRX2484879_SRR5259419   | SRR5259419    | mouse    | 2025-11-18    | scRecounter  |        | 2025-11-18 00:17:50.762786 |                 |      | version_1_0 | 
 SRX2484880_SRR5259420_scRecounter_version_1_0   | SRX2484880_SRR5259420   | SRR5259420    | mouse    | 2025-11-18    | scRecounter  |        | 2025-11-18 00:19:06.184654 |                 |      | version_1_0 | 
 SRX2484882_SRR5259422_scRecounter_version_1_0   | SRX2484882_SRR5259422   | SRR5259422    | mouse    | 2025-11-18    | scRecounter  |        | 2025-11-18 00:19:06.270353 |                 |      | version_1_0 | 
 SRX2484881_SRR5259421_scRecounter_version_1_0   | SRX2484881_SRR5259421   | SRR5259421    | mouse    | 2025-11-18    | scRecounter  |        | 2025-11-18 00:19:06.297533 |                 |      | version_1_0 | 
 SRX2484883_SRR5259423_scRecounter_version_1_0   | SRX2484883_SRR5259423   | SRR5259423    | mouse    | 2025-11-18    | scRecounter  |        | 2025-11-18 00:19:06.301917 |                 |      | version_1_0 | 
 SRX2484883_SRR5167961_scRecounter_version_1_0   | SRX2484883_SRR5167961   | SRR5167961    | mouse    | 2025-11-18    | scRecounter  |        | 2025-11-18 00:19:06.302551 |                 |      | version_1_0 | 
 SRX2484880_SRR5167958_scRecounter_version_1_0   | SRX2484880_SRR5167958   | SRR5167958    | mouse    | 2025-11-18    | scRecounter  |        | 2025-11-18 00:19:06.317605 |                 |      | version_1_0 | 
 SRX2484882_SRR5167960_scRecounter_version_1_0   | SRX2484882_SRR5167960   | SRR5167960    | mouse    | 2025-11-18    | scRecounter  |        | 2025-11-18 00:19:06.380652 |                 |      | version_1_0 | 
 SRX2484881_SRR5167959_scRecounter_version_1_0   | SRX2484881_SRR5167959   | SRR5167959    | mouse    | 2025-11-18    | scRecounter  |        | 2025-11-18 00:19:06.462416 |                 |      | version_1_0 | 
 SRX2484884_SRR5167962_scRecounter_version_1_0   | SRX2484884_SRR5167962   | SRR5167962    | mouse    | 2025-11-18    | scRecounter  |        | 2025-11-18 00:20:02.151318 |                 |      | version_1_0 | 
 SRX2484886_SRR5167964_scRecounter_version_1_0   | SRX2484886_SRR5167964   | SRR5167964    | mouse    | 2025-11-18    | scRecounter  |        | 2025-11-18 00:20:02.183498 |                 |      | version_1_0 | 
 SRX2484887_SRR5259427_scRecounter_version_1_0   | SRX2484887_SRR5259427   | SRR5259427    | mouse    | 2025-11-18    | scRecounter  |        | 2025-11-18 00:20:02.196233 |                 |      | version_1_0 | 
 SRX2484885_SRR5259425_scRecounter_version_1_0   | SRX2484885_SRR5259425   | SRR5259425    | mouse    | 2025-11-18    | scRecounter  |        | 2025-11-18 00:20:02.196442 |                 |      | version_1_0 | 
 SRX2484885_SRR5167963_scRecounter_version_1_0   | SRX2484885_SRR5167963   | SRR5167963    | mouse    | 2025-11-18    | scRecounter  |        | 2025-11-18 00:20:02.198369 |                 |      | version_1_0 | 
 SRX2484884_SRR5259424_scRecounter_version_1_0   | SRX2484884_SRR5259424   | SRR5259424    | mouse    | 2025-11-18    | scRecounter  |        | 2025-11-18 00:20:02.205217 |                 |      | version_1_0 | 
 SRX2484887_SRR5167965_scRecounter_version_1_0   | SRX2484887_SRR5167965   | SRR5167965    | mouse    | 2025-11-18    | scRecounter  |        | 2025-11-18 00:20:02.227682 |                 |      | version_1_0 | 
 SRX2484886_SRR5259426_scRecounter_version_1_0   | SRX2484886_SRR5259426   | SRR5259426    | mouse    | 2025-11-18    | scRecounter  |        | 2025-11-18 00:20:02.312659 |                 |      | version_1_0 | 
 SRX2484888_SRR5259428_scRecounter_version_1_0   | SRX2484888_SRR5259428   | SRR5259428    | mouse    | 2025-11-18    | scRecounter  |        | 2025-11-18 00:21:00.256099 |                 |      | version_1_0 | 
 SRX2484889_SRR5259429_scRecounter_version_1_0   | SRX2484889_SRR5259429   | SRR5259429    | mouse    | 2025-11-18    | scRecounter  |        | 2025-11-18 00:21:00.28589  |                 |      | version_1_0 | 
 SRX2484890_SRR5167968_scRecounter_version_1_0   | SRX2484890_SRR5167968   | SRR5167968    | mouse    | 2025-11-18    | scRecounter  |        | 2025-11-18 00:21:00.324069 |                 |      | version_1_0 | 
 SRX2484888_SRR5167966_scRecounter_version_1_0   | SRX2484888_SRR5167966   | SRR5167966    | mouse    | 2025-11-18    | scRecounter  |        | 2025-11-18 00:21:00.370857 |                 |      | version_1_0 | 
 SRX2484889_SRR5167967_scRecounter_version_1_0   | SRX2484889_SRR5167967   | SRR5167967    | mouse    | 2025-11-18    | scRecounter  |        | 2025-11-18 00:21:00.374191 |                 |      | version_1_0 | 
 SRX2484891_SRR5167969_scRecounter_version_1_0   | SRX2484891_SRR5167969   | SRR5167969    | mouse    | 2025-11-18    | scRecounter  |        | 2025-11-18 00:21:00.376584 |                 |      | version_1_0 | 
 SRX2484891_SRR5259431_scRecounter_version_1_0   | SRX2484891_SRR5259431   | SRR5259431    | mouse    | 2025-11-18    | scRecounter  |        | 2025-11-18 00:21:00.384681 |                 |      | version_1_0 | 
 SRX2484890_SRR5259430_scRecounter_version_1_0   | SRX2484890_SRR5259430   | SRR5259430    | mouse    | 2025-11-18    | scRecounter  |        | 2025-11-18 00:21:00.48639  |                 |      | version_1_0 | 
 SRX2484893_SRR5167971_scRecounter_version_1_0   | SRX2484893_SRR5167971   | SRR5167971    | mouse    | 2025-11-18    | scRecounter  |        | 2025-11-18 00:22:22.929464 |                 |      | version_1_0 | 
 SRX2484894_SRR5259434_scRecounter_version_1_0   | SRX2484894_SRR5259434   | SRR5259434    | mouse    | 2025-11-18    | scRecounter  |        | 2025-11-18 00:22:22.939053 |                 |      | version_1_0 | 
 SRX2484895_SRR5259435_scRecounter_version_1_0   | SRX2484895_SRR5259435   | SRR5259435    | mouse    | 2025-11-18    | scRecounter  |        | 2025-11-18 00:22:22.95835  |                 |      | version_1_0 | 
 SRX2484895_SRR5167973_scRecounter_version_1_0   | SRX2484895_SRR5167973   | SRR5167973    | mouse    | 2025-11-18    | scRecounter  |        | 2025-11-18 00:22:22.981476 |                 |      | version_1_0 | 
 SRX2484892_SRR5167970_scRecounter_version_1_0   | SRX2484892_SRR5167970   | SRR5167970    | mouse    | 2025-11-18    | scRecounter  |        | 2025-11-18 00:22:22.998213 |                 |      | version_1_0 | 
 SRX2484894_SRR5167972_scRecounter_version_1_0   | SRX2484894_SRR5167972   | SRR5167972    | mouse    | 2025-11-18    | scRecounter  |        | 2025-11-18 00:22:23.011669 |                 |      | version_1_0 | 
 SRX2484892_SRR5259432_scRecounter_version_1_0   | SRX2484892_SRR5259432   | SRR5259432    | mouse    | 2025-11-18    | scRecounter  |        | 2025-11-18 00:22:23.034812 |                 |      | version_1_0 | 
 SRX2484893_SRR5259433_scRecounter_version_1_0   | SRX2484893_SRR5259433   | SRR5259433    | mouse    | 2025-11-18    | scRecounter  |        | 2025-11-18 00:22:23.143358 |                 |      | version_1_0 | 
 SRX2484899_SRR5259439_scRecounter_version_1_0   | SRX2484899_SRR5259439   | SRR5259439    | mouse    | 2025-11-18    | scRecounter  |        | 2025-11-18 00:23:36.998962 |                 |      | version_1_0 | 
 SRX2484896_SRR5259436_scRecounter_version_1_0   | SRX2484896_SRR5259436   | SRR5259436    | mouse    | 2025-11-18    | scRecounter  |        | 2025-11-18 00:23:37.007501 |                 |      | version_1_0 | 
 SRX2484898_SRR5167976_scRecounter_version_1_0   | SRX2484898_SRR5167976   | SRR5167976    | mouse    | 2025-11-18    | scRecounter  |        | 2025-11-18 00:23:37.017031 |                 |      | version_1_0 | 
 SRX2484899_SRR5167977_scRecounter_version_1_0   | SRX2484899_SRR5167977   | SRR5167977    | mouse    | 2025-11-18    | scRecounter  |        | 2025-11-18 00:23:37.018046 |                 |      | version_1_0 | 
 SRX2484897_SRR5259437_scRecounter_version_1_0   | SRX2484897_SRR5259437   | SRR5259437    | mouse    | 2025-11-18    | scRecounter  |        | 2025-11-18 00:23:37.026916 |                 |      | version_1_0 | 
 SRX2484898_SRR5259438_scRecounter_version_1_0   | SRX2484898_SRR5259438   | SRR5259438    | mouse    | 2025-11-18    | scRecounter  |        | 2025-11-18 00:23:37.030653 |                 |      | version_1_0 | 
 SRX2484897_SRR5167975_scRecounter_version_1_0   | SRX2484897_SRR5167975   | SRR5167975    | mouse    | 2025-11-18    | scRecounter  |        | 2025-11-18 00:23:37.065431 |                 |      | version_1_0 | 
 SRX2484896_SRR5167974_scRecounter_version_1_0   | SRX2484896_SRR5167974   | SRR5167974    | mouse    | 2025-11-18    | scRecounter  |        | 2025-11-18 00:23:37.115138 |                 |      | version_1_0 | 
 SRX2484902_SRR5259442_scRecounter_version_1_0   | SRX2484902_SRR5259442   | SRR5259442    | mouse    | 2025-11-18    | scRecounter  |        | 2025-11-18 00:24:36.41308  |                 |      | version_1_0 | 
 SRX2484901_SRR5167979_scRecounter_version_1_0   | SRX2484901_SRR5167979   | SRR5167979    | mouse    | 2025-11-18    | scRecounter  |        | 2025-11-18 00:24:36.426582 |                 |      | version_1_0 | 
 SRX2484902_SRR5167980_scRecounter_version_1_0   | SRX2484902_SRR5167980   | SRR5167980    | mouse    | 2025-11-18    | scRecounter  |        | 2025-11-18 00:24:36.470469 |                 |      | version_1_0 | 
 SRX2484903_SRR5259443_scRecounter_version_1_0   | SRX2484903_SRR5259443   | SRR5259443    | mouse    | 2025-11-18    | scRecounter  |        | 2025-11-18 00:24:36.478602 |                 |      | version_1_0 | 
 SRX2484900_SRR5259440_scRecounter_version_1_0   | SRX2484900_SRR5259440   | SRR5259440    | mouse    | 2025-11-18    | scRecounter  |        | 2025-11-18 00:24:36.498417 |                 |      | version_1_0 | 
 SRX2484903_SRR5167981_scRecounter_version_1_0   | SRX2484903_SRR5167981   | SRR5167981    | mouse    | 2025-11-18    | scRecounter  |        | 2025-11-18 00:24:36.502307 |                 |      | version_1_0 | 
 SRX2484900_SRR5167978_scRecounter_version_1_0   | SRX2484900_SRR5167978   | SRR5167978    | mouse    | 2025-11-18    | scRecounter  |        | 2025-11-18 00:24:36.52013  |                 |      | version_1_0 | 
 SRX2484901_SRR5259441_scRecounter_version_1_0   | SRX2484901_SRR5259441   | SRR5259441    | mouse    | 2025-11-18    | scRecounter  |        | 2025-11-18 00:24:36.707592 |                 |      | version_1_0 | 
 SRX2484904_SRR5167982_scRecounter_version_1_0   | SRX2484904_SRR5167982   | SRR5167982    | mouse    | 2025-11-18    | scRecounter  |        | 2025-11-18 00:26:03.722027 |                 |      | version_1_0 | 
 SRX2484906_SRR5259446_scRecounter_version_1_0   | SRX2484906_SRR5259446   | SRR5259446    | mouse    | 2025-11-18    | scRecounter  |        | 2025-11-18 00:26:03.742262 |                 |      | version_1_0 | 
 SRX2484907_SRR5259447_scRecounter_version_1_0   | SRX2484907_SRR5259447   | SRR5259447    | mouse    | 2025-11-18    | scRecounter  |        | 2025-11-18 00:26:03.753151 |                 |      | version_1_0 | 
 SRX2484907_SRR5167985_scRecounter_version_1_0   | SRX2484907_SRR5167985   | SRR5167985    | mouse    | 2025-11-18    | scRecounter  |        | 2025-11-18 00:26:03.770027 |                 |      | version_1_0 | 
 SRX2484905_SRR5167983_scRecounter_version_1_0   | SRX2484905_SRR5167983   | SRR5167983    | mouse    | 2025-11-18    | scRecounter  |        | 2025-11-18 00:26:03.795408 |                 |      | version_1_0 | 
 SRX2484904_SRR5259444_scRecounter_version_1_0   | SRX2484904_SRR5259444   | SRR5259444    | mouse    | 2025-11-18    | scRecounter  |        | 2025-11-18 00:26:03.814143 |                 |      | version_1_0 | 
 SRX2484905_SRR5259445_scRecounter_version_1_0   | SRX2484905_SRR5259445   | SRR5259445    | mouse    | 2025-11-18    | scRecounter  |        | 2025-11-18 00:26:03.819606 |                 |      | version_1_0 | 
 SRX2484906_SRR5167984_scRecounter_version_1_0   | SRX2484906_SRR5167984   | SRR5167984    | mouse    | 2025-11-18    | scRecounter  |        | 2025-11-18 00:26:03.943039 |                 |      | version_1_0 | 
 SRX2484911_SRR5167989_scRecounter_version_1_0   | SRX2484911_SRR5167989   | SRR5167989    | mouse    | 2025-11-18    | scRecounter  |        | 2025-11-18 00:32:33.511349 |                 |      | version_1_0 | 
 SRX2484910_SRR5259450_scRecounter_version_1_0   | SRX2484910_SRR5259450   | SRR5259450    | mouse    | 2025-11-18    | scRecounter  |        | 2025-11-18 00:32:33.580527 |                 |      | version_1_0 | 
 SRX2484908_SRR5167986_scRecounter_version_1_0   | SRX2484908_SRR5167986   | SRR5167986    | mouse    | 2025-11-18    | scRecounter  |        | 2025-11-18 00:32:33.582386 |                 |      | version_1_0 | 
 SRX2484908_SRR5259448_scRecounter_version_1_0   | SRX2484908_SRR5259448   | SRR5259448    | mouse    | 2025-11-18    | scRecounter  |        | 2025-11-18 00:32:33.597241 |                 |      | version_1_0 | 
 SRX2484909_SRR5167987_scRecounter_version_1_0   | SRX2484909_SRR5167987   | SRR5167987    | mouse    | 2025-11-18    | scRecounter  |        | 2025-11-18 00:32:33.622086 |                 |      | version_1_0 | 
 SRX2484911_SRR5259451_scRecounter_version_1_0   | SRX2484911_SRR5259451   | SRR5259451    | mouse    | 2025-11-18    | scRecounter  |        | 2025-11-18 00:32:33.633291 |                 |      | version_1_0 | 
 SRX2484910_SRR5167988_scRecounter_version_1_0   | SRX2484910_SRR5167988   | SRR5167988    | mouse    | 2025-11-18    | scRecounter  |        | 2025-11-18 00:32:33.684131 |                 |      | version_1_0 | 
 SRX2484909_SRR5259449_scRecounter_version_1_0   | SRX2484909_SRR5259449   | SRR5259449    | mouse    | 2025-11-18    | scRecounter  |        | 2025-11-18 00:32:33.726301 |                 |      | version_1_0 | 
 SRX2484915_SRR5167993_scRecounter_version_1_0   | SRX2484915_SRR5167993   | SRR5167993    | mouse    | 2025-11-18    | scRecounter  |        | 2025-11-18 00:33:29.476625 |                 |      | version_1_0 | 
 SRX2484912_SRR5259452_scRecounter_version_1_0   | SRX2484912_SRR5259452   | SRR5259452    | mouse    | 2025-11-18    | scRecounter  |        | 2025-11-18 00:33:29.516572 |                 |      | version_1_0 | 
 SRX2484913_SRR5259453_scRecounter_version_1_0   | SRX2484913_SRR5259453   | SRR5259453    | mouse    | 2025-11-18    | scRecounter  |        | 2025-11-18 00:33:29.517344 |                 |      | version_1_0 | 
 SRX2484914_SRR5259454_scRecounter_version_1_0   | SRX2484914_SRR5259454   | SRR5259454    | mouse    | 2025-11-18    | scRecounter  |        | 2025-11-18 00:33:29.525141 |                 |      | version_1_0 | 
 SRX2484914_SRR5167992_scRecounter_version_1_0   | SRX2484914_SRR5167992   | SRR5167992    | mouse    | 2025-11-18    | scRecounter  |        | 2025-11-18 00:33:29.532015 |                 |      | version_1_0 | 
 SRX2484915_SRR5259455_scRecounter_version_1_0   | SRX2484915_SRR5259455   | SRR5259455    | mouse    | 2025-11-18    | scRecounter  |        | 2025-11-18 00:33:29.561064 |                 |      | version_1_0 | 
 SRX2484912_SRR5167990_scRecounter_version_1_0   | SRX2484912_SRR5167990   | SRR5167990    | mouse    | 2025-11-18    | scRecounter  |        | 2025-11-18 00:33:29.575527 |                 |      | version_1_0 | 
 SRX2484913_SRR5167991_scRecounter_version_1_0   | SRX2484913_SRR5167991   | SRR5167991    | mouse    | 2025-11-18    | scRecounter  |        | 2025-11-18 00:33:29.654164 |                 |      | version_1_0 | 
 SRX2484802_SRR5167880_scRecounter_version_1_0   | SRX2484802_SRR5167880   | SRR5167880    | mouse    | 2025-11-18    | scRecounter  |        | 2025-11-18 00:34:43.770882 |                 |      | version_1_0 | 
 SRX2484803_SRR5259336_scRecounter_version_1_0   | SRX2484803_SRR5259336   | SRR5259336    | mouse    | 2025-11-18    | scRecounter  |        | 2025-11-18 00:34:43.840639 |                 |      | version_1_0 | 
 SRX2484916_SRR5167994_scRecounter_version_1_0   | SRX2484916_SRR5167994   | SRR5167994    | mouse    | 2025-11-18    | scRecounter  |        | 2025-11-18 00:34:43.888367 |                 |      | version_1_0 | 
 SRX2484917_SRR5167995_scRecounter_version_1_0   | SRX2484917_SRR5167995   | SRR5167995    | mouse    | 2025-11-18    | scRecounter  |        | 2025-11-18 00:34:43.896169 |                 |      | version_1_0 | 
 SRX2484917_SRR5259457_scRecounter_version_1_0   | SRX2484917_SRR5259457   | SRR5259457    | mouse    | 2025-11-18    | scRecounter  |        | 2025-11-18 00:34:43.896278 |                 |      | version_1_0 | 
 SRX2484802_SRR5259335_scRecounter_version_1_0   | SRX2484802_SRR5259335   | SRR5259335    | mouse    | 2025-11-18    | scRecounter  |        | 2025-11-18 00:34:43.903223 |                 |      | version_1_0 | 
 SRX2484916_SRR5259456_scRecounter_version_1_0   | SRX2484916_SRR5259456   | SRR5259456    | mouse    | 2025-11-18    | scRecounter  |        | 2025-11-18 00:34:43.904827 |                 |      | version_1_0 | 
 SRX2484803_SRR5167881_scRecounter_version_1_0   | SRX2484803_SRR5167881   | SRR5167881    | mouse    | 2025-11-18    | scRecounter  |        | 2025-11-18 00:34:43.926295 |                 |      | version_1_0 | 
 SRX2484804_SRR5167882_scRecounter_version_1_0   | SRX2484804_SRR5167882   | SRR5167882    | mouse    | 2025-11-18    | scRecounter  |        | 2025-11-18 00:35:38.485882 |                 |      | version_1_0 | 
 SRX2484805_SRR5259338_scRecounter_version_1_0   | SRX2484805_SRR5259338   | SRR5259338    | mouse    | 2025-11-18    | scRecounter  |        | 2025-11-18 00:35:38.487064 |                 |      | version_1_0 | 
 SRX2484804_SRR5259337_scRecounter_version_1_0   | SRX2484804_SRR5259337   | SRR5259337    | mouse    | 2025-11-18    | scRecounter  |        | 2025-11-18 00:35:38.558505 |                 |      | version_1_0 | 
 SRX2484806_SRR5259339_scRecounter_version_1_0   | SRX2484806_SRR5259339   | SRR5259339    | mouse    | 2025-11-18    | scRecounter  |        | 2025-11-18 00:35:38.583023 |                 |      | version_1_0 | 
 SRX2484805_SRR5167883_scRecounter_version_1_0   | SRX2484805_SRR5167883   | SRR5167883    | mouse    | 2025-11-18    | scRecounter  |        | 2025-11-18 00:35:38.586299 |                 |      | version_1_0 | 
 SRX2484806_SRR5167884_scRecounter_version_1_0   | SRX2484806_SRR5167884   | SRR5167884    | mouse    | 2025-11-18    | scRecounter  |        | 2025-11-18 00:35:38.683876 |                 |      | version_1_0 | 
 SRX2484807_SRR5167885_scRecounter_version_1_0   | SRX2484807_SRR5167885   | SRR5167885    | mouse    | 2025-11-18    | scRecounter  |        | 2025-11-18 00:36:34.593695 |                 |      | version_1_0 | 
 SRX2484807_SRR5259340_scRecounter_version_1_0   | SRX2484807_SRR5259340   | SRR5259340    | mouse    | 2025-11-18    | scRecounter  |        | 2025-11-18 00:36:34.676047 |                 |      | version_1_0 | 
 SRX2484808_SRR5167886_scRecounter_version_1_0   | SRX2484808_SRR5167886   | SRR5167886    | mouse    | 2025-11-18    | scRecounter  |        | 2025-11-18 00:36:34.676956 |                 |      | version_1_0 | 
 SRX2484810_SRR5259343_scRecounter_version_1_0   | SRX2484810_SRR5259343   | SRR5259343    | mouse    | 2025-11-18    | scRecounter  |        | 2025-11-18 00:36:34.678509 |                 |      | version_1_0 | 
 SRX2484808_SRR5259341_scRecounter_version_1_0   | SRX2484808_SRR5259341   | SRR5259341    | mouse    | 2025-11-18    | scRecounter  |        | 2025-11-18 00:36:34.684497 |                 |      | version_1_0 | 
 SRX2484810_SRR5167888_scRecounter_version_1_0   | SRX2484810_SRR5167888   | SRR5167888    | mouse    | 2025-11-18    | scRecounter  |        | 2025-11-18 00:36:34.687941 |                 |      | version_1_0 | 
 SRX2484809_SRR5259342_scRecounter_version_1_0   | SRX2484809_SRR5259342   | SRR5259342    | mouse    | 2025-11-18    | scRecounter  |        | 2025-11-18 00:36:34.744103 |                 |      | version_1_0 | 
 SRX2484809_SRR5167887_scRecounter_version_1_0   | SRX2484809_SRR5167887   | SRR5167887    | mouse    | 2025-11-18    | scRecounter  |        | 2025-11-18 00:36:34.837722 |                 |      | version_1_0 | 
 SRX2484814_SRR5167892_scRecounter_version_1_0   | SRX2484814_SRR5167892   | SRR5167892    | mouse    | 2025-11-18    | scRecounter  |        | 2025-11-18 00:37:30.617381 |                 |      | version_1_0 | 
 SRX2484812_SRR5259345_scRecounter_version_1_0   | SRX2484812_SRR5259345   | SRR5259345    | mouse    | 2025-11-18    | scRecounter  |        | 2025-11-18 00:37:30.674777 |                 |      | version_1_0 | 
 SRX2484813_SRR5259346_scRecounter_version_1_0   | SRX2484813_SRR5259346   | SRR5259346    | mouse    | 2025-11-18    | scRecounter  |        | 2025-11-18 00:37:30.680388 |                 |      | version_1_0 | 
 SRX2484811_SRR5167889_scRecounter_version_1_0   | SRX2484811_SRR5167889   | SRR5167889    | mouse    | 2025-11-18    | scRecounter  |        | 2025-11-18 00:37:30.704272 |                 |      | version_1_0 | 
 SRX2484814_SRR5259347_scRecounter_version_1_0   | SRX2484814_SRR5259347   | SRR5259347    | mouse    | 2025-11-18    | scRecounter  |        | 2025-11-18 00:37:30.713423 |                 |      | version_1_0 | 
 SRX2484813_SRR5167891_scRecounter_version_1_0   | SRX2484813_SRR5167891   | SRR5167891    | mouse    | 2025-11-18    | scRecounter  |        | 2025-11-18 00:37:30.744586 |                 |      | version_1_0 | 
 SRX2484812_SRR5167890_scRecounter_version_1_0   | SRX2484812_SRR5167890   | SRR5167890    | mouse    | 2025-11-18    | scRecounter  |        | 2025-11-18 00:37:30.753743 |                 |      | version_1_0 | 
 SRX2484811_SRR5259344_scRecounter_version_1_0   | SRX2484811_SRR5259344   | SRR5259344    | mouse    | 2025-11-18    | scRecounter  |        | 2025-11-18 00:37:30.84812  |                 |      | version_1_0 | 
 SRX2484818_SRR5259351_scRecounter_version_1_0   | SRX2484818_SRR5259351   | SRR5259351    | mouse    | 2025-11-18    | scRecounter  |        | 2025-11-18 00:38:46.955409 |                 |      | version_1_0 | 
 SRX2484815_SRR5259348_scRecounter_version_1_0   | SRX2484815_SRR5259348   | SRR5259348    | mouse    | 2025-11-18    | scRecounter  |        | 2025-11-18 00:38:46.985396 |                 |      | version_1_0 | 
 SRX2484817_SRR5167895_scRecounter_version_1_0   | SRX2484817_SRR5167895   | SRR5167895    | mouse    | 2025-11-18    | scRecounter  |        | 2025-11-18 00:38:47.027456 |                 |      | version_1_0 | 
 SRX2484816_SRR5259349_scRecounter_version_1_0   | SRX2484816_SRR5259349   | SRR5259349    | mouse    | 2025-11-18    | scRecounter  |        | 2025-11-18 00:38:47.031435 |                 |      | version_1_0 | 
 SRX2484817_SRR5259350_scRecounter_version_1_0   | SRX2484817_SRR5259350   | SRR5259350    | mouse    | 2025-11-18    | scRecounter  |        | 2025-11-18 00:38:47.033748 |                 |      | version_1_0 | 
 SRX2484816_SRR5167894_scRecounter_version_1_0   | SRX2484816_SRR5167894   | SRR5167894    | mouse    | 2025-11-18    | scRecounter  |        | 2025-11-18 00:38:47.043548 |                 |      | version_1_0 | 
 SRX2484818_SRR5167896_scRecounter_version_1_0   | SRX2484818_SRR5167896   | SRR5167896    | mouse    | 2025-11-18    | scRecounter  |        | 2025-11-18 00:38:47.090786 |                 |      | version_1_0 | 
 SRX2484815_SRR5167893_scRecounter_version_1_0   | SRX2484815_SRR5167893   | SRR5167893    | mouse    | 2025-11-18    | scRecounter  |        | 2025-11-18 00:38:47.138322 |                 |      | version_1_0 | 
 SRX2484819_SRR5259352_scRecounter_version_1_0   | SRX2484819_SRR5259352   | SRR5259352    | mouse    | 2025-11-18    | scRecounter  |        | 2025-11-18 00:40:06.848975 |                 |      | version_1_0 | 
 SRX2484820_SRR5259353_scRecounter_version_1_0   | SRX2484820_SRR5259353   | SRR5259353    | mouse    | 2025-11-18    | scRecounter  |        | 2025-11-18 00:40:06.914487 |                 |      | version_1_0 | 
 SRX2484821_SRR5167899_scRecounter_version_1_0   | SRX2484821_SRR5167899   | SRR5167899    | mouse    | 2025-11-18    | scRecounter  |        | 2025-11-18 00:40:06.938836 |                 |      | version_1_0 | 
 SRX2484820_SRR5167898_scRecounter_version_1_0   | SRX2484820_SRR5167898   | SRR5167898    | mouse    | 2025-11-18    | scRecounter  |        | 2025-11-18 00:40:06.9387   |                 |      | version_1_0 | 
 SRX2484819_SRR5167897_scRecounter_version_1_0   | SRX2484819_SRR5167897   | SRR5167897    | mouse    | 2025-11-18    | scRecounter  |        | 2025-11-18 00:40:06.952374 |                 |      | version_1_0 | 
 SRX2484821_SRR5259354_scRecounter_version_1_0   | SRX2484821_SRR5259354   | SRR5259354    | mouse    | 2025-11-18    | scRecounter  |        | 2025-11-18 00:40:06.998984 |                 |      | version_1_0 | 
 SRX2484823_SRR5259356_scRecounter_version_1_0   | SRX2484823_SRR5259356   | SRR5259356    | mouse    | 2025-11-18    | scRecounter  |        | 2025-11-18 00:41:05.899541 |                 |      | version_1_0 | 
 SRX2484824_SRR5259357_scRecounter_version_1_0   | SRX2484824_SRR5259357   | SRR5259357    | mouse    | 2025-11-18    | scRecounter  |        | 2025-11-18 00:41:05.930735 |                 |      | version_1_0 | 
 SRX2484823_SRR5167901_scRecounter_version_1_0   | SRX2484823_SRR5167901   | SRR5167901    | mouse    | 2025-11-18    | scRecounter  |        | 2025-11-18 00:41:05.948566 |                 |      | version_1_0 | 
 SRX2484822_SRR5167900_scRecounter_version_1_0   | SRX2484822_SRR5167900   | SRR5167900    | mouse    | 2025-11-18    | scRecounter  |        | 2025-11-18 00:41:05.963246 |                 |      | version_1_0 | 
 SRX2484825_SRR5259358_scRecounter_version_1_0   | SRX2484825_SRR5259358   | SRR5259358    | mouse    | 2025-11-18    | scRecounter  |        | 2025-11-18 00:41:05.973825 |                 |      | version_1_0 | 
 SRX2484825_SRR5167903_scRecounter_version_1_0   | SRX2484825_SRR5167903   | SRR5167903    | mouse    | 2025-11-18    | scRecounter  |        | 2025-11-18 00:41:05.981714 |                 |      | version_1_0 | 
 SRX2484822_SRR5259355_scRecounter_version_1_0   | SRX2484822_SRR5259355   | SRR5259355    | mouse    | 2025-11-18    | scRecounter  |        | 2025-11-18 00:41:06.037705 |                 |      | version_1_0 | 
 SRX2484824_SRR5167902_scRecounter_version_1_0   | SRX2484824_SRR5167902   | SRR5167902    | mouse    | 2025-11-18    | scRecounter  |        | 2025-11-18 00:41:06.114432 |                 |      | version_1_0 | 
 SRX2484828_SRR5259361_scRecounter_version_1_0   | SRX2484828_SRR5259361   | SRR5259361    | mouse    | 2025-11-18    | scRecounter  |        | 2025-11-18 00:42:03.17435  |                 |      | version_1_0 | 
 SRX2484827_SRR5259360_scRecounter_version_1_0   | SRX2484827_SRR5259360   | SRR5259360    | mouse    | 2025-11-18    | scRecounter  |        | 2025-11-18 00:42:03.176819 |                 |      | version_1_0 | 
 SRX2484829_SRR5167907_scRecounter_version_1_0   | SRX2484829_SRR5167907   | SRR5167907    | mouse    | 2025-11-18    | scRecounter  |        | 2025-11-18 00:42:03.18195  |                 |      | version_1_0 | 
 SRX2484829_SRR5259362_scRecounter_version_1_0   | SRX2484829_SRR5259362   | SRR5259362    | mouse    | 2025-11-18    | scRecounter  |        | 2025-11-18 00:42:03.202081 |                 |      | version_1_0 | 
 SRX2484828_SRR5167906_scRecounter_version_1_0   | SRX2484828_SRR5167906   | SRR5167906    | mouse    | 2025-11-18    | scRecounter  |        | 2025-11-18 00:42:03.209438 |                 |      | version_1_0 | 
 SRX2484826_SRR5259359_scRecounter_version_1_0   | SRX2484826_SRR5259359   | SRR5259359    | mouse    | 2025-11-18    | scRecounter  |        | 2025-11-18 00:42:03.213813 |                 |      | version_1_0 | 
 SRX2484826_SRR5167904_scRecounter_version_1_0   | SRX2484826_SRR5167904   | SRR5167904    | mouse    | 2025-11-18    | scRecounter  |        | 2025-11-18 00:42:03.230558 |                 |      | version_1_0 | 
 SRX2484827_SRR5167905_scRecounter_version_1_0   | SRX2484827_SRR5167905   | SRR5167905    | mouse    | 2025-11-18    | scRecounter  |        | 2025-11-18 00:42:03.319787 |                 |      | version_1_0 | 
 SRX2484832_SRR5167910_scRecounter_version_1_0   | SRX2484832_SRR5167910   | SRR5167910    | mouse    | 2025-11-18    | scRecounter  |        | 2025-11-18 00:43:22.322485 |                 |      | version_1_0 | 
 SRX2484831_SRR5259364_scRecounter_version_1_0   | SRX2484831_SRR5259364   | SRR5259364    | mouse    | 2025-11-18    | scRecounter  |        | 2025-11-18 00:43:22.359667 |                 |      | version_1_0 | 
 SRX2484833_SRR5167911_scRecounter_version_1_0   | SRX2484833_SRR5167911   | SRR5167911    | mouse    | 2025-11-18    | scRecounter  |        | 2025-11-18 00:43:22.36335  |                 |      | version_1_0 | 
 SRX2484831_SRR5167909_scRecounter_version_1_0   | SRX2484831_SRR5167909   | SRR5167909    | mouse    | 2025-11-18    | scRecounter  |        | 2025-11-18 00:43:22.362136 |                 |      | version_1_0 | 
 SRX2484830_SRR5259363_scRecounter_version_1_0   | SRX2484830_SRR5259363   | SRR5259363    | mouse    | 2025-11-18    | scRecounter  |        | 2025-11-18 00:43:22.376491 |                 |      | version_1_0 | 
 SRX2484830_SRR5167908_scRecounter_version_1_0   | SRX2484830_SRR5167908   | SRR5167908    | mouse    | 2025-11-18    | scRecounter  |        | 2025-11-18 00:43:22.386277 |                 |      | version_1_0 | 
 SRX2484833_SRR5259366_scRecounter_version_1_0   | SRX2484833_SRR5259366   | SRR5259366    | mouse    | 2025-11-18    | scRecounter  |        | 2025-11-18 00:43:22.390574 |                 |      | version_1_0 | 
 SRX2484832_SRR5259365_scRecounter_version_1_0   | SRX2484832_SRR5259365   | SRR5259365    | mouse    | 2025-11-18    | scRecounter  |        | 2025-11-18 00:43:22.52039  |                 |      | version_1_0 | 
 SRX2484836_SRR5167914_scRecounter_version_1_0   | SRX2484836_SRR5167914   | SRR5167914    | mouse    | 2025-11-18    | scRecounter  |        | 2025-11-18 00:44:40.398784 |                 |      | version_1_0 | 
 SRX2484837_SRR5259370_scRecounter_version_1_0   | SRX2484837_SRR5259370   | SRR5259370    | mouse    | 2025-11-18    | scRecounter  |        | 2025-11-18 00:44:40.448325 |                 |      | version_1_0 | 
 SRX2484835_SRR5259368_scRecounter_version_1_0   | SRX2484835_SRR5259368   | SRR5259368    | mouse    | 2025-11-18    | scRecounter  |        | 2025-11-18 00:44:40.450403 |                 |      | version_1_0 | 
 SRX2484834_SRR5167912_scRecounter_version_1_0   | SRX2484834_SRR5167912   | SRR5167912    | mouse    | 2025-11-18    | scRecounter  |        | 2025-11-18 00:44:40.453301 |                 |      | version_1_0 | 
 SRX2484834_SRR5259367_scRecounter_version_1_0   | SRX2484834_SRR5259367   | SRR5259367    | mouse    | 2025-11-18    | scRecounter  |        | 2025-11-18 00:44:40.467635 |                 |      | version_1_0 | 
 SRX2484835_SRR5167913_scRecounter_version_1_0   | SRX2484835_SRR5167913   | SRR5167913    | mouse    | 2025-11-18    | scRecounter  |        | 2025-11-18 00:44:40.471598 |                 |      | version_1_0 | 
 SRX2484837_SRR5167915_scRecounter_version_1_0   | SRX2484837_SRR5167915   | SRR5167915    | mouse    | 2025-11-18    | scRecounter  |        | 2025-11-18 00:44:40.483029 |                 |      | version_1_0 | 
 SRX2484836_SRR5259369_scRecounter_version_1_0   | SRX2484836_SRR5259369   | SRR5259369    | mouse    | 2025-11-18    | scRecounter  |        | 2025-11-18 00:44:40.587852 |                 |      | version_1_0 | 
 SRX2484841_SRR5167919_scRecounter_version_1_0   | SRX2484841_SRR5167919   | SRR5167919    | mouse    | 2025-11-18    | scRecounter  |        | 2025-11-18 00:47:02.91845  |                 |      | version_1_0 | 
 SRX2484838_SRR5167916_scRecounter_version_1_0   | SRX2484838_SRR5167916   | SRR5167916    | mouse    | 2025-11-18    | scRecounter  |        | 2025-11-18 00:47:02.926012 |                 |      | version_1_0 | 
 SRX2484840_SRR5259373_scRecounter_version_1_0   | SRX2484840_SRR5259373   | SRR5259373    | mouse    | 2025-11-18    | scRecounter  |        | 2025-11-18 00:47:02.948101 |                 |      | version_1_0 | 
 SRX2484840_SRR5167918_scRecounter_version_1_0   | SRX2484840_SRR5167918   | SRR5167918    | mouse    | 2025-11-18    | scRecounter  |        | 2025-11-18 00:47:02.971103 |                 |      | version_1_0 | 
 SRX2484841_SRR5259374_scRecounter_version_1_0   | SRX2484841_SRR5259374   | SRR5259374    | mouse    | 2025-11-18    | scRecounter  |        | 2025-11-18 00:47:02.977734 |                 |      | version_1_0 | 
 SRX2484839_SRR5259372_scRecounter_version_1_0   | SRX2484839_SRR5259372   | SRR5259372    | mouse    | 2025-11-18    | scRecounter  |        | 2025-11-18 00:47:03.017883 |                 |      | version_1_0 | 
 SRX2484838_SRR5259371_scRecounter_version_1_0   | SRX2484838_SRR5259371   | SRR5259371    | mouse    | 2025-11-18    | scRecounter  |        | 2025-11-18 00:47:03.036148 |                 |      | version_1_0 | 
 SRX2484839_SRR5167917_scRecounter_version_1_0   | SRX2484839_SRR5167917   | SRR5167917    | mouse    | 2025-11-18    | scRecounter  |        | 2025-11-18 00:47:03.102647 |                 |      | version_1_0 | 
 SRX2484842_SRR5167920_scRecounter_version_1_0   | SRX2484842_SRR5167920   | SRR5167920    | mouse    | 2025-11-18    | scRecounter  |        | 2025-11-18 00:48:40.952966 |                 |      | version_1_0 | 
 SRX2484845_SRR5259378_scRecounter_version_1_0   | SRX2484845_SRR5259378   | SRR5259378    | mouse    | 2025-11-18    | scRecounter  |        | 2025-11-18 00:48:40.998276 |                 |      | version_1_0 | 
 SRX2484843_SRR5259376_scRecounter_version_1_0   | SRX2484843_SRR5259376   | SRR5259376    | mouse    | 2025-11-18    | scRecounter  |        | 2025-11-18 00:48:41.02944  |                 |      | version_1_0 | 
 SRX2484843_SRR5167921_scRecounter_version_1_0   | SRX2484843_SRR5167921   | SRR5167921    | mouse    | 2025-11-18    | scRecounter  |        | 2025-11-18 00:48:41.038905 |                 |      | version_1_0 | 
 SRX2484845_SRR5167923_scRecounter_version_1_0   | SRX2484845_SRR5167923   | SRR5167923    | mouse    | 2025-11-18    | scRecounter  |        | 2025-11-18 00:48:41.060741 |                 |      | version_1_0 | 
 SRX2484844_SRR5167922_scRecounter_version_1_0   | SRX2484844_SRR5167922   | SRR5167922    | mouse    | 2025-11-18    | scRecounter  |        | 2025-11-18 00:48:41.064276 |                 |      | version_1_0 | 
 SRX2484844_SRR5259377_scRecounter_version_1_0   | SRX2484844_SRR5259377   | SRR5259377    | mouse    | 2025-11-18    | scRecounter  |        | 2025-11-18 00:48:41.076023 |                 |      | version_1_0 | 
 SRX2484842_SRR5259375_scRecounter_version_1_0   | SRX2484842_SRR5259375   | SRR5259375    | mouse    | 2025-11-18    | scRecounter  |        | 2025-11-18 00:48:41.182678 |                 |      | version_1_0 | 
 SRX2484849_SRR5259382_scRecounter_version_1_0   | SRX2484849_SRR5259382   | SRR5259382    | mouse    | 2025-11-18    | scRecounter  |        | 2025-11-18 00:49:39.433268 |                 |      | version_1_0 | 
 SRX2484849_SRR5167927_scRecounter_version_1_0   | SRX2484849_SRR5167927   | SRR5167927    | mouse    | 2025-11-18    | scRecounter  |        | 2025-11-18 00:49:39.434966 |                 |      | version_1_0 | 
 SRX2484847_SRR5259380_scRecounter_version_1_0   | SRX2484847_SRR5259380   | SRR5259380    | mouse    | 2025-11-18    | scRecounter  |        | 2025-11-18 00:49:39.456644 |                 |      | version_1_0 | 
 SRX2484846_SRR5259379_scRecounter_version_1_0   | SRX2484846_SRR5259379   | SRR5259379    | mouse    | 2025-11-18    | scRecounter  |        | 2025-11-18 00:49:39.507193 |                 |      | version_1_0 | 
 SRX2484848_SRR5167926_scRecounter_version_1_0   | SRX2484848_SRR5167926   | SRR5167926    | mouse    | 2025-11-18    | scRecounter  |        | 2025-11-18 00:49:39.50699  |                 |      | version_1_0 | 
 SRX2484846_SRR5167924_scRecounter_version_1_0   | SRX2484846_SRR5167924   | SRR5167924    | mouse    | 2025-11-18    | scRecounter  |        | 2025-11-18 00:49:39.510412 |                 |      | version_1_0 | 
 SRX2484848_SRR5259381_scRecounter_version_1_0   | SRX2484848_SRR5259381   | SRR5259381    | mouse    | 2025-11-18    | scRecounter  |        | 2025-11-18 00:49:39.526591 |                 |      | version_1_0 | 
 SRX2484847_SRR5167925_scRecounter_version_1_0   | SRX2484847_SRR5167925   | SRR5167925    | mouse    | 2025-11-18    | scRecounter  |        | 2025-11-18 00:49:39.635348 |                 |      | version_1_0 | 
 SRX2484850_SRR5259383_scRecounter_version_1_0   | SRX2484850_SRR5259383   | SRR5259383    | mouse    | 2025-11-18    | scRecounter  |        | 2025-11-18 00:50:53.078355 |                 |      | version_1_0 | 
 SRX2484850_SRR5167928_scRecounter_version_1_0   | SRX2484850_SRR5167928   | SRR5167928    | mouse    | 2025-11-18    | scRecounter  |        | 2025-11-18 00:50:53.103739 |                 |      | version_1_0 | 
 SRX2484851_SRR5259384_scRecounter_version_1_0   | SRX2484851_SRR5259384   | SRR5259384    | mouse    | 2025-11-18    | scRecounter  |        | 2025-11-18 00:50:53.102903 |                 |      | version_1_0 | 
 SRX2484851_SRR5167929_scRecounter_version_1_0   | SRX2484851_SRR5167929   | SRR5167929    | mouse    | 2025-11-18    | scRecounter  |        | 2025-11-18 00:50:53.11704  |                 |      | version_1_0 | 
 SRX2484853_SRR5259386_scRecounter_version_1_0   | SRX2484853_SRR5259386   | SRR5259386    | mouse    | 2025-11-18    | scRecounter  |        | 2025-11-18 00:50:53.141088 |                 |      | version_1_0 | 
 SRX2484852_SRR5167930_scRecounter_version_1_0   | SRX2484852_SRR5167930   | SRR5167930    | mouse    | 2025-11-18    | scRecounter  |        | 2025-11-18 00:50:53.173247 |                 |      | version_1_0 | 
 SRX2484853_SRR5167931_scRecounter_version_1_0   | SRX2484853_SRR5167931   | SRR5167931    | mouse    | 2025-11-18    | scRecounter  |        | 2025-11-18 00:50:53.217047 |                 |      | version_1_0 | 
 SRX2484852_SRR5259385_scRecounter_version_1_0   | SRX2484852_SRR5259385   | SRR5259385    | mouse    | 2025-11-18    | scRecounter  |        | 2025-11-18 00:50:53.277105 |                 |      | version_1_0 | 
 SRX2484854_SRR5259387_scRecounter_version_1_0   | SRX2484854_SRR5259387   | SRR5259387    | mouse    | 2025-11-18    | scRecounter  |        | 2025-11-18 00:51:53.484532 |                 |      | version_1_0 | 
 SRX2484856_SRR5259390_scRecounter_version_1_0   | SRX2484856_SRR5259390   | SRR5259390    | mouse    | 2025-11-18    | scRecounter  |        | 2025-11-18 00:51:53.536306 |                 |      | version_1_0 | 
 SRX2484855_SRR5167933_scRecounter_version_1_0   | SRX2484855_SRR5167933   | SRR5167933    | mouse    | 2025-11-18    | scRecounter  |        | 2025-11-18 00:51:53.551713 |                 |      | version_1_0 | 
 SRX2484855_SRR5259388_scRecounter_version_1_0   | SRX2484855_SRR5259388   | SRR5259388    | mouse    | 2025-11-18    | scRecounter  |        | 2025-11-18 00:51:53.556984 |                 |      | version_1_0 | 
 SRX2484854_SRR5167932_scRecounter_version_1_0   | SRX2484854_SRR5167932   | SRR5167932    | mouse    | 2025-11-18    | scRecounter  |        | 2025-11-18 00:51:53.571866 |                 |      | version_1_0 | 
 SRX2484857_SRR5167935_scRecounter_version_1_0   | SRX2484857_SRR5167935   | SRR5167935    | mouse    | 2025-11-18    | scRecounter  |        | 2025-11-18 00:51:53.578967 |                 |      | version_1_0 | 
 SRX2484856_SRR5167934_scRecounter_version_1_0   | SRX2484856_SRR5167934   | SRR5167934    | mouse    | 2025-11-18    | scRecounter  |        | 2025-11-18 00:51:53.630689 |                 |      | version_1_0 | 
 SRX2484857_SRR5259392_scRecounter_version_1_0   | SRX2484857_SRR5259392   | SRR5259392    | mouse    | 2025-11-18    | scRecounter  |        | 2025-11-18 00:51:53.678434 |                 |      | version_1_0 | 
 SRX12522639_SRR16242819_scRecounter_version_1_0 | SRX12522639_SRR16242819 | SRR16242819   | rat      | 2025-11-18    | scRecounter  |        | 2025-11-18 05:06:47.985737 |                 |      | version_1_0 | 
 SRX12522640_SRR16242820_scRecounter_version_1_0 | SRX12522640_SRR16242820 | SRR16242820   | rat      | 2025-11-18    | scRecounter  |        | 2025-11-18 06:32:49.789101 |                 |      | version_1_0 | 
 SRX12522641_SRR16242821_scRecounter_version_1_0 | SRX12522641_SRR16242821 | SRR16242821   | rat      | 2025-11-18    | scRecounter  |        | 2025-11-18 06:32:49.902954 |                 |      | version_1_0 | 
 SRX12522642_SRR16242822_scRecounter_version_1_0 | SRX12522642_SRR16242822 | SRR16242822   | rat      | 2025-11-18    | scRecounter  |        | 2025-11-18 06:35:13.278726 |                 |      | version_1_0 | 
 SRX16869750_SRR20850451_scRecounter_version_1_0 | SRX16869750_SRR20850451 | SRR20850451   | mouse    | 2025-11-20    | scRecounter  |        | 2025-11-20 14:52:58.803368 |                 |      | version_1_0 | /home/kariyayama/CellIO/cell-io-mappingctl/data/sra_metadata_split_url/3_telencephalon_20251104_181829_mouse_PAIRED_014_urls.csv
 SRX16869750_SRR20850468_scRecounter_version_1_0 | SRX16869750_SRR20850468 | SRR20850468   | mouse    | 2025-11-20    | scRecounter  |        | 2025-11-20 14:52:58.807056 |                 |      | version_1_0 | /home/kariyayama/CellIO/cell-io-mappingctl/data/sra_metadata_split_url/3_telencephalon_20251104_181829_mouse_PAIRED_014_urls.csv
 SRX16869750_SRR20850449_scRecounter_version_1_0 | SRX16869750_SRR20850449 | SRR20850449   | mouse    | 2025-11-20    | scRecounter  |        | 2025-11-20 14:52:58.815355 |                 |      | version_1_0 | /home/kariyayama/CellIO/cell-io-mappingctl/data/sra_metadata_split_url/3_telencephalon_20251104_181829_mouse_PAIRED_014_urls.csv
 SRX16869750_SRR20850450_scRecounter_version_1_0 | SRX16869750_SRR20850450 | SRR20850450   | mouse    | 2025-11-20    | scRecounter  |        | 2025-11-20 14:52:58.82405  |                 |      | version_1_0 | /home/kariyayama/CellIO/cell-io-mappingctl/data/sra_metadata_split_url/3_telencephalon_20251104_181829_mouse_PAIRED_014_urls.csv
 SRX16869750_SRR20850452_scRecounter_version_1_0 | SRX16869750_SRR20850452 | SRR20850452   | mouse    | 2025-11-20    | scRecounter  |        | 2025-11-20 14:52:58.83715  |                 |      | version_1_0 | /home/kariyayama/CellIO/cell-io-mappingctl/data/sra_metadata_split_url/3_telencephalon_20251104_181829_mouse_PAIRED_014_urls.csv
 SRX16869750_SRR20850454_scRecounter_version_1_0 | SRX16869750_SRR20850454 | SRR20850454   | mouse    | 2025-11-20    | scRecounter  |        | 2025-11-20 14:52:58.928324 |                 |      | version_1_0 | /home/kariyayama/CellIO/cell-io-mappingctl/data/sra_metadata_split_url/3_telencephalon_20251104_181829_mouse_PAIRED_014_urls.csv
 SRX16869750_SRR20850467_scRecounter_version_1_0 | SRX16869750_SRR20850467 | SRR20850467   | mouse    | 2025-11-20    | scRecounter  |        | 2025-11-20 14:52:58.954995 |                 |      | version_1_0 | /home/kariyayama/CellIO/cell-io-mappingctl/data/sra_metadata_split_url/3_telencephalon_20251104_181829_mouse_PAIRED_014_urls.csv
 SRX16869750_SRR20850453_scRecounter_version_1_0 | SRX16869750_SRR20850453 | SRR20850453   | mouse    | 2025-11-20    | scRecounter  |        | 2025-11-20 14:52:59.047691 |                 |      | version_1_0 | /home/kariyayama/CellIO/cell-io-mappingctl/data/sra_metadata_split_url/3_telencephalon_20251104_181829_mouse_PAIRED_014_urls.csv
(1630 rows)

